-- phpMyAdmin SQL Dump
-- version 5.2.2
-- https://www.phpmyadmin.net/
--
-- Host: localhost:3306
-- Generation Time: Nov 03, 2025 at 11:49 PM
-- Server version: 8.4.3
-- PHP Version: 8.3.16

SET SQL_MODE = "NO_AUTO_VALUE_ON_ZERO";
START TRANSACTION;
SET time_zone = "+00:00";


/*!40101 SET @OLD_CHARACTER_SET_CLIENT=@@CHARACTER_SET_CLIENT */;
/*!40101 SET @OLD_CHARACTER_SET_RESULTS=@@CHARACTER_SET_RESULTS */;
/*!40101 SET @OLD_COLLATION_CONNECTION=@@COLLATION_CONNECTION */;
/*!40101 SET NAMES utf8mb4 */;

--
-- Database: `db_conservadorbr`
--

-- --------------------------------------------------------

--
-- Table structure for table `apendices`
--

CREATE TABLE `apendices` (
  `id` int NOT NULL,
  `tipo_registro` varchar(50) CHARACTER SET utf8mb4 COLLATE utf8mb4_general_ci NOT NULL,
  `ano` int NOT NULL,
  `fecha_carga` datetime NOT NULL DEFAULT (now()),
  `ruta_imagen` varchar(255) CHARACTER SET utf8mb4 COLLATE utf8mb4_general_ci NOT NULL,
  `usuario_id` int DEFAULT NULL,
  `created_at` datetime NOT NULL DEFAULT (now()),
  `updated_at` datetime NOT NULL DEFAULT (now()) ON UPDATE CURRENT_TIMESTAMP
) ENGINE=InnoDB DEFAULT CHARSET=utf8mb4 COLLATE=utf8mb4_general_ci;

-- --------------------------------------------------------

--
-- Table structure for table `certificados`
--

CREATE TABLE `certificados` (
  `id_certificado` int NOT NULL,
  `tipo_registro` varchar(255) CHARACTER SET utf8mb4 COLLATE utf8mb4_general_ci DEFAULT NULL,
  `tipo_documento` varchar(255) CHARACTER SET utf8mb4 COLLATE utf8mb4_general_ci DEFAULT NULL,
  `foja_inicial` decimal(5,1) DEFAULT NULL,
  `foja_final` decimal(5,1) DEFAULT NULL,
  `numero` varchar(50) CHARACTER SET utf8mb4 COLLATE utf8mb4_general_ci DEFAULT NULL,
  `ano` int DEFAULT NULL,
  `personas` text CHARACTER SET utf8mb4 COLLATE utf8mb4_general_ci,
  `fecha_emision` date DEFAULT NULL,
  `solicitud` int DEFAULT NULL,
  `created_at` datetime NOT NULL DEFAULT (now()),
  `updated_at` datetime NOT NULL DEFAULT (now()) ON UPDATE CURRENT_TIMESTAMP
) ENGINE=InnoDB DEFAULT CHARSET=utf8mb4 COLLATE=utf8mb4_general_ci;

-- --------------------------------------------------------

--
-- Table structure for table `copiasregistros`
--

CREATE TABLE `copiasregistros` (
  `id_copia` int NOT NULL,
  `id_certificado` int DEFAULT NULL,
  `tipo_registro` varchar(255) CHARACTER SET utf8mb4 COLLATE utf8mb4_general_ci DEFAULT NULL,
  `tipo_documento` varchar(255) CHARACTER SET utf8mb4 COLLATE utf8mb4_general_ci DEFAULT NULL,
  `foja_inicial` decimal(5,1) DEFAULT NULL,
  `numero` varchar(50) CHARACTER SET utf8mb4 COLLATE utf8mb4_general_ci DEFAULT NULL,
  `ano` int DEFAULT NULL,
  `personas` text CHARACTER SET utf8mb4 COLLATE utf8mb4_general_ci,
  `ruta_copia` varchar(255) CHARACTER SET utf8mb4 COLLATE utf8mb4_general_ci DEFAULT NULL,
  `created_at` datetime NOT NULL DEFAULT (now()),
  `updated_at` datetime NOT NULL DEFAULT (now()) ON UPDATE CURRENT_TIMESTAMP
) ENGINE=InnoDB DEFAULT CHARSET=utf8mb4 COLLATE=utf8mb4_general_ci;

-- --------------------------------------------------------

--
-- Table structure for table `fojas`
--

CREATE TABLE `fojas` (
  `id` int NOT NULL,
  `tipo_registro` varchar(50) NOT NULL,
  `ano` int NOT NULL,
  `foja` decimal(5,1) NOT NULL,
  `subfoja` varchar(50) CHARACTER SET utf8mb4 COLLATE utf8mb4_general_ci NOT NULL,
  `fecha_carga` datetime NOT NULL DEFAULT (now()),
  `ruta_imagen` varchar(255) CHARACTER SET utf8mb4 COLLATE utf8mb4_general_ci NOT NULL,
  `usuario_id` int DEFAULT NULL,
  `created_at` datetime NOT NULL DEFAULT (now()),
  `updated_at` datetime NOT NULL DEFAULT (now()) ON UPDATE CURRENT_TIMESTAMP
) ENGINE=InnoDB DEFAULT CHARSET=utf8mb4 COLLATE=utf8mb4_general_ci;

-- --------------------------------------------------------

--
-- Table structure for table `indices`
--

CREATE TABLE `indices` (
  `id` int NOT NULL,
  `comprador` varchar(255) COLLATE utf8mb4_general_ci NOT NULL,
  `vendedor` varchar(255) COLLATE utf8mb4_general_ci NOT NULL,
  `materia` varchar(255) COLLATE utf8mb4_general_ci NOT NULL,
  `foja` int NOT NULL,
  `numero` int NOT NULL,
  `anio` int NOT NULL,
  `libro` varchar(30) COLLATE utf8mb4_general_ci NOT NULL,
  `comuna` varchar(50) COLLATE utf8mb4_general_ci DEFAULT NULL,
  `descripcion` text COLLATE utf8mb4_general_ci,
  `folio` varchar(50) COLLATE utf8mb4_general_ci DEFAULT NULL,
  `vigencia` varchar(50) COLLATE utf8mb4_general_ci DEFAULT NULL,
  `created_at` datetime NOT NULL DEFAULT CURRENT_TIMESTAMP,
  `updated_at` datetime NOT NULL DEFAULT CURRENT_TIMESTAMP ON UPDATE CURRENT_TIMESTAMP
) ENGINE=InnoDB DEFAULT CHARSET=utf8mb4 COLLATE=utf8mb4_general_ci;

--
-- Dumping data for table `indices`
--

INSERT INTO `indices` (`id`, `comprador`, `vendedor`, `materia`, `foja`, `numero`, `anio`, `libro`, `comuna`, `descripcion`, `folio`, `vigencia`, `created_at`, `updated_at`) VALUES
(1, 'ESPINOLA RUPERTUS SERGIO ANDRES', 'BURCHARD MOYANO JAIME ERICK', 'COMPRAVENTA', 1, 1, 2023, 'Propiedad', NULL, '', '', '', '2025-09-04 22:38:55', '2025-09-04 22:38:55'),
(2, 'CABRERA CARVAJALEDSON ELIAS', 'INVERSIONES MUNDO SpA', 'COMPRAVENTA', 2, 2, 2023, 'Propiedad', NULL, '', '', '', '2025-09-04 22:38:55', '2025-09-04 22:38:55'),
(3, 'PRIETO JARA JONATHAN HUGO', 'INVERSIONES MUNDO SpA', 'COMPRAVENTA', 3, 3, 2023, 'Propiedad', NULL, '', '', '', '2025-09-04 22:38:55', '2025-09-04 22:38:55'),
(4, 'FERNANDEZ FERNANDEZ ROXANA ESTEFANIE', 'INVERSIONES MUNDO SpA', 'COMPRAVENTA', 4, 4, 2023, 'Propiedad', NULL, '', '', '', '2025-09-04 22:38:55', '2025-09-04 22:38:55'),
(5, 'VELENCIA TOLEDO DARWIN DAGOBERTO', 'INVERSIONES MUNDO SpA', 'COMPRAVENTA', 5, 5, 2023, 'Propiedad', NULL, '', '', '', '2025-09-04 22:38:55', '2025-09-04 22:38:55'),
(6, 'VELENCIA TOLEDO DARWIN DAGOBERTO', 'INVERSIONES MUNDO SpA', 'COMPRAVENTA', 6, 6, 2023, 'Propiedad', NULL, '', '', '', '2025-09-04 22:38:55', '2025-09-04 22:38:55'),
(7, 'ATENAS LOPEZ LUIS HERNAN', 'INVERSIONES MUNDO SpA', 'COMPRAVENTA', 7, 7, 2023, 'Propiedad', NULL, '', '', '', '2025-09-04 22:38:55', '2025-09-04 22:38:55'),
(8, 'SAAVEDRA PASTEN MANUEL DE LA CRUZ', 'PASTEN ALBORNOZ ADRIANA DEL CARMEN', 'CESION DE DERECHOS', 8, 8, 2023, 'Propiedad', NULL, '', '', '', '2025-09-04 22:38:55', '2025-09-04 22:38:55'),
(9, 'LAMELES MUÑOZ SILVIA DEL CARMEN', '', 'POSESION EFECTIVA', 8, 9, 2023, 'Propiedad', NULL, '', '', '', '2025-09-04 22:38:55', '2025-09-04 22:38:55'),
(10, 'GONZALEZ LAMELES VIVIANA INES Y OTRO', 'LAMELES MUÑOZ SILVIA DEL CARMEN', 'HERENCIA', 9, 10, 2023, 'Propiedad', NULL, '', '', '', '2025-09-04 22:38:55', '2025-09-04 22:38:55'),
(11, 'HUERTA VIEDMA SANDRA DEL CARMEN', 'ASTORGA FLORES ALEXANDRA ANDREA', 'COMPRAVENTA', 10, 11, 2023, 'Propiedad', NULL, '', '', '', '2025-09-04 22:38:55', '2025-09-04 22:38:55'),
(12, 'ARACENA ARAYA OSVALDO DEL CARMEN', '', 'REINS COMPRA', 11, 12, 2023, 'Propiedad', NULL, '', '', '', '2025-09-04 22:38:55', '2025-09-04 22:38:55'),
(13, 'PINO GARCIA LUIS ENRIQUE', '', 'POSESION EFECTIVA', 12, 13, 2023, 'Propiedad', NULL, '', '', '', '2025-09-04 22:38:55', '2025-09-04 22:38:55'),
(14, 'CASTILLO RODRIGUEZ GEMINA OLGA Y OTROS', 'PINO GARCIA LUIS ENRIQUE', 'HERENCIA', 13, 14, 2023, 'Propiedad', NULL, '', '', '', '2025-09-04 22:38:55', '2025-09-04 22:38:55'),
(15, 'CASTILLO RODRIGUEZ GEMINA OLGA Y OTROS', 'PINO GARCIA LUIS ENRIQUE', 'HERENCIA', 14, 15, 2023, 'Propiedad', NULL, '', '', '', '2025-09-04 22:38:55', '2025-09-04 22:38:55'),
(16, 'SILVIA PULGAR MARIA JOSE', '', 'REINS DOMINIO', 15, 16, 2023, 'Propiedad', NULL, '', '', '', '2025-09-04 22:38:55', '2025-09-04 22:38:55'),
(17, 'BUSTOS PEREZ FABIOLA ANDREA', 'SILVA PULGAR MARIA JOSE', 'COMPRAVENTA', 16, 17, 2023, 'Propiedad', NULL, '', '', '', '2025-09-04 22:38:55', '2025-09-04 22:38:55'),
(18, 'JOFRE JOFRE EMILIO JOSE', 'ASTORGA FLORES ALEXANDRA ANDREA', 'COMPAREVNTA', 17, 18, 2023, 'Propiedad', NULL, '', '', '', '2025-09-04 22:38:55', '2025-09-04 22:38:55'),
(19, 'ESPINOSA ORELLANA CARMEN ERICA', 'VERGARA HERRERA MIGUEL ANGEL', 'ADJUDICACION', 18, 19, 2023, 'Propiedad', NULL, '', '', '', '2025-09-04 22:38:55', '2025-09-04 22:38:55'),
(20, 'VALENCIA CONTRERAS JUAN ADRIAN', '', 'POSESION EFECTIVA', 19, 20, 2023, 'Propiedad', NULL, '', '', '', '2025-09-04 22:38:55', '2025-09-04 22:38:55'),
(21, 'VALENCIA ACOSTA GLORIA ESMER Y OTROS', 'VALENCIA CONTRERAS JUAN ADRIAN', 'HERENCIA', 20, 21, 2023, 'Propiedad', NULL, '', '', '', '2025-09-04 22:38:55', '2025-09-04 22:38:55'),
(22, 'VILCHES ZAMORA MABEL ANA MARIA', '', 'REINS COMPRAVENTA', 21, 22, 2023, 'Propiedad', NULL, '', '', '', '2025-09-04 22:38:55', '2025-09-04 22:38:55'),
(23, 'PIZARRO VILCHES GABRIEL ELOY', '', 'REINS COMPRAVENTA', 22, 23, 2023, 'Propiedad', NULL, '', '', '', '2025-09-04 22:38:55', '2025-09-04 22:38:55'),
(24, 'ALBORNOZ TAUCANO CLEMENTE JAVIER Y OTRA', 'ALBORNOZ DELGADO JUAN RAMON', 'COMPRAVENTA', 23, 24, 2023, 'Propiedad', NULL, '', '', '', '2025-09-04 22:38:55', '2025-09-04 22:38:55'),
(25, 'RIVERA LOBOS ANIBAL ISAAC', 'VALENZUELA ZUÑIGA SCARLETT VIVIANA', 'COMPRAVENTA', 25, 25, 2023, 'Propiedad', NULL, '', '', '', '2025-09-04 22:38:55', '2025-09-04 22:38:55'),
(26, 'FERNANDEZ MILLON MARAGRITA MARIA Y OTRO', 'FERNANDEZ PULGAR ROLANDO DEL ROSARIO Y OTROS', 'CESION DE DERECHOS', 25, 26, 2023, 'Propiedad', NULL, '', '', '', '2025-09-04 22:38:55', '2025-09-04 22:38:55'),
(27, 'REBOLLEDO GAJARDO LUIS RUPERTO', '', 'DOMINIO', 27, 27, 2023, 'Propiedad', NULL, '', '', '', '2025-09-04 22:38:55', '2025-09-04 22:38:55'),
(28, 'ZAMORA LABRA HERIBERTO RENATO', '', 'DOMINIO', 28, 28, 2023, 'Propiedad', NULL, '', '', '', '2025-09-04 22:38:55', '2025-09-04 22:38:55'),
(29, 'VILCHES ARAYA ADRIANA DE LAS MERCEDES', '', 'DOMINIO', 29, 29, 2023, 'Propiedad', NULL, '', '', '', '2025-09-04 22:38:55', '2025-09-04 22:38:55'),
(30, 'IBACACHE LEMUS PATRICIO DEL CARMEN', 'DURAN SALCEDO CARLOS FRUCTUOSO', 'CESION DE DERECHOS', 30, 30, 2023, 'Propiedad', NULL, '', '', '', '2025-09-04 22:38:55', '2025-09-04 22:38:55'),
(31, 'ARAYA TAPIA YOLANDA GEORGINA', '', 'REINS. COMPRAVENTA', 31, 31, 2023, 'Propiedad', NULL, '', '', '', '2025-09-04 22:38:55', '2025-09-04 22:38:55'),
(32, 'INVERSIONES CURAPALIHUE', '', 'REINS COMPRAVENTA', 32, 32, 2023, 'Propiedad', NULL, '', '', '', '2025-09-04 22:38:55', '2025-09-04 22:38:55'),
(33, 'FIGUEROA DONOSO CRYSTAL STEPHANIE', 'CANALES SOTO ROBERTO GUILLERMO', 'COMPRAVENTA', 33, 33, 2023, 'Propiedad', NULL, '', '', '', '2025-09-04 22:38:55', '2025-09-04 22:38:55'),
(34, 'SOC. DE EXPLORACION Y DESARROLLO MINERO', 'CATALAN BERRIOS AVELINO ENRIQUE', 'CESION DE DERECHOS', 34, 34, 2023, 'Propiedad', NULL, '', '', '', '2025-09-04 22:38:55', '2025-09-04 22:38:55'),
(35, 'AHUMADA CANTO JORGE RENE', '', 'REINS COMPRAVENTA', 35, 35, 2023, 'Propiedad', NULL, '', '', '', '2025-09-04 22:38:55', '2025-09-04 22:38:55'),
(36, 'SAN MARTIN FARIAS WILSON ERNESTO', 'SAN MARTIN FARIAS LUIS ALBERTO', 'COMPRAVENTA', 36, 36, 2023, 'Propiedad', NULL, '', '', '', '2025-09-04 22:38:55', '2025-09-04 22:38:55'),
(37, 'CANCINO PALMA LUCIA ALEJANDRA', 'RIEL ASTRID CLAUDIA', 'COMPRAVENTA', 37, 37, 2023, 'Propiedad', NULL, '', '', '', '2025-09-04 22:38:55', '2025-09-04 22:38:55'),
(38, 'MUÑOZ BAHAMONDEZ RAFAEL', 'ZAMORA ARANCIBIA JUAN ANTONIO', 'COMPRAVENTA', 38, 38, 2023, 'Propiedad', NULL, '', '', '', '2025-09-04 22:38:55', '2025-09-04 22:38:55'),
(39, 'GARAT PEÑA NICOLAS ENRIQUE', 'SOC. AGRICOLA AGROVAL LIMITADA', 'COMPRAVENTA', 39, 39, 2023, 'Propiedad', NULL, '', '', '', '2025-09-04 22:38:55', '2025-09-04 22:38:55'),
(40, 'ZAMORA RODRIGUEZ ERIC EDUARDO', '', 'POSESION EFECTIVA', 40, 40, 2023, 'Propiedad', NULL, '', '', '', '2025-09-04 22:38:55', '2025-09-04 22:38:55'),
(41, 'ZAMORA RODRIGUEZ GLORIA DEL CARMEN Y OTRAS', 'ZAMORA RODRIGUEZ ERIC EDUARDO', 'HERENCIA', 41, 41, 2023, 'Propiedad', NULL, '', '', '', '2025-09-04 22:38:55', '2025-09-04 22:38:55'),
(42, 'TAPIA RIVEROS SILVIA MIREYA Y OTRAS', '', 'REINS. HERENCIA', 42, 42, 2023, 'Propiedad', NULL, '', '', '', '2025-09-04 22:38:55', '2025-09-04 22:38:55'),
(43, 'VARAS TAPIA JORGE ANDRES', 'TAPIA RIVEROS SILVIA MIREYA Y OTRAS', 'COMPRAVENTA', 43, 43, 2023, 'Propiedad', NULL, '', '', '', '2025-09-04 22:38:55', '2025-09-04 22:38:55'),
(44, 'CARVAJAL LEIVA HECTOR RAUL', '', 'REINS. DOMINIO', 43, 44, 2023, 'Propiedad', NULL, '', '', '', '2025-09-04 22:38:55', '2025-09-04 22:38:55'),
(45, 'PEÑA GALLARDO CLAUDIO ANDRES', '', 'REINS. DOMINIO', 44, 45, 2023, 'Propiedad', NULL, '', '', '', '2025-09-04 22:38:55', '2025-09-04 22:38:55'),
(46, 'ROMERO BERRIOS LUZMIRA', '', 'REINS. COMPRAVENTA', 45, 46, 2023, 'Propiedad', NULL, '', '', '', '2025-09-04 22:38:55', '2025-09-04 22:38:55'),
(47, 'DIAZ JUAN SEGUNDO', '', 'POSESION EFECTIVA', 46, 47, 2023, 'Propiedad', NULL, '', '', '', '2025-09-04 22:38:55', '2025-09-04 22:38:55'),
(48, 'DIAZ DUQUE JORGE ENRIQUE Y OTROS', 'DIAZ JUAN SEGUNDO', 'HERENCIA', 47, 48, 2023, 'Propiedad', NULL, '', '', '', '2025-09-04 22:38:55', '2025-09-04 22:38:55'),
(49, 'CAMPOS BRAVO MANUEL ENRIQUE', 'VILLARROEL TAPIA EDUARDO HERNAN Y OTROS', 'COMPARVENTA', 49, 49, 2023, 'Propiedad', NULL, '', '', '', '2025-09-04 22:38:55', '2025-09-04 22:38:55'),
(50, 'VERDUGO CHAPA JULIO AMADOR', 'CHAPA AHUMADA MARTA DE LAS MERCEDES', 'COMPRAVENTA', 50, 50, 2023, 'Propiedad', NULL, '', '', '', '2025-09-04 22:38:55', '2025-09-04 22:38:55'),
(51, 'LOPEZ LOPEZ CARLOS DE JESUS', '', 'DOMINIO', 51, 51, 2023, 'Propiedad', NULL, '', '', '', '2025-09-04 22:38:55', '2025-09-04 22:38:55'),
(52, 'LOPEZ DIAZ VICTOR MANUEL', 'VILLALON PARRA PATRICIO ANDRES Y OTRO', 'CESION DE DERECHOS', 51, 52, 2023, 'Propiedad', NULL, '', '', '', '2025-09-04 22:38:55', '2025-09-04 22:38:55'),
(53, 'SALAZAR PARRA ALVARO ANDRES', 'INMOBILIARIA VALLE HUAQUEN SpA', 'COMPRAVENTA', 52, 53, 2023, 'Propiedad', NULL, '', '', '', '2025-09-04 22:38:55', '2025-09-04 22:38:55'),
(54, 'SALAZAR PARRA ALVARO ANDRES', 'INMOBILIARIA VALLE HUAQUEN SpA', 'COMPRAVENTA', 53, 54, 2022, 'Propiedad', NULL, '', '', '', '2025-09-04 22:38:55', '2025-09-04 22:38:55'),
(55, 'SALAZAR PARRA ALVARO ANDRES', 'INMOBILIARIA VALLE HUAQUEN SpA', 'COMPRAVENTA', 55, 55, 2023, 'Propiedad', NULL, '', '', '', '2025-09-04 22:38:55', '2025-09-04 22:38:55'),
(56, 'SALAZAR PARRA ALVARO ANDRES', 'INMOBILIARIA VALLE HUAQUEN SpA', 'COMPARVENTA', 56, 56, 2023, 'Propiedad', NULL, '', '', '', '2025-09-04 22:38:55', '2025-09-04 22:38:55'),
(57, 'HERRERA AVILA PATRICIO ANDRES', 'SOC. AGRICOLA SAN CARLOS DE CATEMU LTDA.', 'COMPRAVENTA', 57, 57, 2023, 'Propiedad', NULL, '', '', '', '2025-09-04 22:38:55', '2025-09-04 22:38:55'),
(58, 'MARDONES GOMEZ HECTOR ELISEI', '', 'REINS. COMPRAVENTA', 57, 58, 2023, 'Propiedad', NULL, '', '', '', '2025-09-04 22:38:55', '2025-09-04 22:38:55'),
(59, 'CONTRERAS SEPULVEDA HECTOR ARIEL', 'LANDAETA DUARTE JOCELYN JAZMIN', 'COMPRAVENTA', 58, 59, 2023, 'Propiedad', NULL, '', '', '', '2025-09-04 22:38:55', '2025-09-04 22:38:55'),
(60, 'NAVARRETE VILLARROEL NICOLAS ANTONIO', 'NAVARRETE JULIO SERGIO DAVID', 'COMPRAVENTA', 59, 60, 2023, 'Propiedad', NULL, '', '', '', '2025-09-04 22:38:55', '2025-09-04 22:38:55'),
(61, 'AYALA BASTIAS CARMEN GLORIA', 'ARRIAGADA FELIÚ PATRICIA ELVIRA', 'COMPRAVENTA', 60, 61, 2023, 'Propiedad', NULL, '', '', '', '2025-09-04 22:38:55', '2025-09-04 22:38:55'),
(62, 'MAÑANI FUENTES DHARON RODRIGO', 'ZAMORA ARAYA ELBA JULIA', 'COMPRAVENTA', 61, 62, 2023, 'Propiedad', NULL, '', '', '', '2025-09-04 22:38:55', '2025-09-04 22:38:55'),
(63, 'VALDUR SpA', 'VILLALOBOS CABRERA JUAN AUGUSTO Y OTROS', 'COMPRAVENTA', 62, 63, 2023, 'Propiedad', NULL, '', '', '', '2025-09-04 22:38:55', '2025-09-04 22:38:55'),
(64, 'NAVARRETE SANDOVAL SERGIO DAVID', '', 'POSESION EFECTIVA', 64, 64, 2023, 'Propiedad', NULL, '', '', '', '2025-09-04 22:38:55', '2025-09-04 22:38:55'),
(65, 'NAVARRETE JULIO SERGIO DAVID Y OTROS', 'NAVARRETE SANDOVAL SERGIO DAVID', 'HERENCIA', 65, 65, 2023, 'Propiedad', NULL, '', '', '', '2025-09-04 22:38:55', '2025-09-04 22:38:55'),
(66, 'JULIO MATURANA NORMA CRISTINA', '', 'POSESION EFECTIVA', 66, 66, 2023, 'Propiedad', NULL, '', '', '', '2025-09-04 22:38:55', '2025-09-04 22:38:55'),
(67, 'NAVARRETE JULIO SERGIODAVID Y OTROS', 'JULIO MATURANA NORMA CRISTINA', 'HERENCIA', 67, 67, 2023, 'Propiedad', NULL, '', '', '', '2025-09-04 22:38:55', '2025-09-04 22:38:55'),
(68, 'VALDIVIA CONTRERAS ELSO DAMIAN', '', 'REINS. ADJUDICACION', 67, 68, 2023, 'Propiedad', NULL, '', '', '', '2025-09-04 22:38:55', '2025-09-04 22:38:55'),
(69, 'FISCO', '', 'REINS. DONACION', 69, 69, 2023, 'Propiedad', NULL, '', '', '', '2025-09-04 22:38:55', '2025-09-04 22:38:55'),
(70, 'MANZANO SANCHEZ IRMA DEL CARMEN', '', 'REINS. ADJUDICACION', 70, 70, 2023, 'Propiedad', NULL, '', '', '', '2025-09-04 22:38:55', '2025-09-04 22:38:55'),
(71, 'NIETO NIETO PRISCILA ALEJANDRA', 'TAPIA PEREZ MARYORY LILIANA', 'COMPRAVENTA', 72, 71, 2023, 'Propiedad', NULL, '', '', '', '2025-09-04 22:38:55', '2025-09-04 22:38:55'),
(72, 'MASCAYANO GOMEZ PABLO SEGUNDO', 'CONTRERAS ALFARO MARCIA ALEJANDRA', 'COMPRAVENTA', 73, 72, 2023, 'Propiedad', NULL, '', '', '', '2025-09-04 22:38:55', '2025-09-04 22:38:55'),
(73, 'MARTINEZ BURGESS CARLOS JESUS', 'NIEVES MARTINEZ ERNESTO ENRIQUE', 'COMPRAVENTA', 73, 73, 2023, 'Propiedad', NULL, '', '', '', '2025-09-04 22:38:55', '2025-09-04 22:38:55'),
(74, 'SARRICUETA GUTIERREZ JULIA DEL ROSARIO', 'BUGUEÑO GARCIA FERNANDA STEPHANIE', 'COMPRAVENTA', 74, 74, 2023, 'Propiedad', NULL, '', '', '', '2025-09-04 22:38:55', '2025-09-04 22:38:55'),
(75, 'RIQUELME ZAMORA MAURICIO ALEJANDRO', 'RIQUELME BELMAR LUIS MAURICIO ALEJANDRO', 'CESION DE DERECHOS', 75, 75, 2023, 'Propiedad', NULL, '', '', '', '2025-09-04 22:38:55', '2025-09-04 22:38:55'),
(76, 'MATURANA LANAS BRENDA NICOLLE', 'PIZARRO GONZALEZ ANGEL DEL CARMEN', 'CESION DE DERECHOS', 76, 76, 2023, 'Propiedad', NULL, '', '', '', '2025-09-04 22:38:55', '2025-09-04 22:38:55'),
(77, 'GARAY YÉVENES INGRID DEL CARMEN', 'FLORES RODRIGUEZ ADAN MICHAEL', 'CESION DE DERECHOS', 77, 77, 2023, 'Propiedad', NULL, '', '', '', '2025-09-04 22:38:55', '2025-09-04 22:38:55'),
(78, 'FIGUEROA HUERTA ANA DE LAS DELICIAS', '', 'POSESION EFECTIVA', 78, 78, 2023, 'Propiedad', NULL, '', '', '', '2025-09-04 22:38:55', '2025-09-04 22:38:55'),
(79, 'OLMOS FIGUEROA CECILIA DEL CARMEN Y OTROS', 'FIGUEROA HUERTA ANA DE LAS DELICIAS', 'HERENCIA', 79, 79, 2023, 'Propiedad', NULL, '', '', '', '2025-09-04 22:38:55', '2025-09-04 22:38:55'),
(80, 'ARCE LILLO ANGELA JAZMIN', 'LEIVA ULLOA ALAMIRO ANTONIO', 'COMPARVENTA', 80, 80, 2023, 'Propiedad', NULL, '', '', '', '2025-09-04 22:38:55', '2025-09-04 22:38:55'),
(81, 'CISTERNA VEGA CHRISTIAN OCTAVIO', 'SOC. AGRICOLA AGROVAL LTDA', 'COMPRAVENTA', 81, 81, 2023, 'Propiedad', NULL, '', '', '', '2025-09-04 22:38:55', '2025-09-04 22:38:55'),
(82, 'GARAY IBACACHE MARCELO ALBERTO', 'SOC AGRICOLA SAN CARLOS DE CATEMU LTDA', 'COMPARVENTA', 82, 82, 2023, 'Propiedad', NULL, '', '', '', '2025-09-04 22:38:55', '2025-09-04 22:38:55'),
(83, 'ORMEÑO MIRANDA VERONICA PAOLA', 'ORMEÑO ARANDA HERNES', 'COMPAREVNTA', 83, 83, 2023, 'Propiedad', NULL, '', '', '', '2025-09-04 22:38:55', '2025-09-04 22:38:55'),
(84, 'INMOBILIARIA GUIÑEZ SpA', 'GUERRERO CARRILLO ANA DEL CARMEN', 'COMPRAVENTA', 83, 84, 2023, 'Propiedad', NULL, '', '', '', '2025-09-04 22:38:55', '2025-09-04 22:38:55'),
(85, 'VALENCIA TRUJILLO JESUS ALFREDO', '', 'POSESION EFECTIVA', 84, 85, 2023, 'Propiedad', NULL, '', '', '', '2025-09-04 22:38:55', '2025-09-04 22:38:55'),
(86, 'VALENCIA BAEZA ERICK ALFREDO', 'VALENCIA TRUJILLO JESUS ALFREDO', 'HERENCIA', 85, 86, 2023, 'Propiedad', NULL, '', '', '', '2025-09-04 22:38:55', '2025-09-04 22:38:55'),
(87, 'BADILLA CARRASCO ANGELA RAQUEL Y OTRO', 'ASTORGA FLORES ALEXANDRA ANDREA', 'COMPRAVENTA', 86, 87, 2023, 'Propiedad', NULL, '', '', '', '2025-09-04 22:38:55', '2025-09-04 22:38:55'),
(88, 'AHUMADA MOLINA GEORGINA DEL CARMEN', '', 'POSESION EFECTIVA', 87, 88, 2023, 'Propiedad', NULL, '', '', '', '2025-09-04 22:38:55', '2025-09-04 22:38:55'),
(89, 'MEJIAS AHUMADA MARIA TERESA Y OTROS', 'AHUMADA GEORGINA DEL CARMEN', 'HERENCIA', 88, 89, 2023, 'Propiedad', NULL, '', '', '', '2025-09-04 22:38:55', '2025-09-04 22:38:55'),
(90, 'MIRLE GALDAMES ROSA DEL CARMEN', 'CARDENAS MIGUEL DEL CARMEN', 'COMPENSACION ECONOMICA', 89, 90, 2023, 'Propiedad', NULL, '', '', '', '2025-09-04 22:38:55', '2025-09-04 22:38:55'),
(91, 'CARVAJAL PORRAS ELISA ISABEL', '', 'POSESION EFECTIVA', 89, 91, 2023, 'Propiedad', NULL, '', '', '', '2025-09-04 22:38:55', '2025-09-04 22:38:55'),
(92, 'DIAZ GARCIA JOSE LORENZO Y OTROS', 'CARVAJAL PORRAS ELISA ISABEL', 'HERENCIA', 90, 92, 2023, 'Propiedad', NULL, '', '', '', '2025-09-04 22:38:55', '2025-09-04 22:38:55'),
(93, 'DIAZ GARCIA JOSE LORENZO Y OTROS', 'CARVAJAL PORRAS ELISA ISABEL', 'HERENCIA', 91, 93, 2023, 'Propiedad', NULL, '', '', '', '2025-09-04 22:38:55', '2025-09-04 22:38:55'),
(94, 'DIAZ GARCIA JOSE LORENZO Y OTROS', 'CARVAJAL PORRAS ELISA ISABEL', 'HERENCIA', 92, 94, 2023, 'Propiedad', NULL, '', '', '', '2025-09-04 22:38:55', '2025-09-04 22:38:55'),
(95, 'CONTRERAS ARAYA NIBALDO LAURENCIO', 'SILVA DONAIRE ALEJANDRO EMILIO Y OTROS', 'COMPARVENTA', 93, 95, 2023, 'Propiedad', NULL, '', '', '', '2025-09-04 22:38:55', '2025-09-04 22:38:55'),
(96, 'LHG INVERSIONES SpA', 'GONZALEZ VALENZUELA RAUL JAVIER', 'COMPAREVENTA', 94, 96, 2023, 'Propiedad', NULL, '', '', '', '2025-09-04 22:38:55', '2025-09-04 22:38:55'),
(97, 'INMOBILIARIA E INVERSIONES PARMA CHILE LTDA', 'NEIRA MELGAREJO PATRICIA MARGARITA Y OTROS', 'COMPRAVENTA', 95, 97, 2023, 'Propiedad', NULL, '', '', '', '2025-09-04 22:38:55', '2025-09-04 22:38:55'),
(98, 'NUÑEZ FERNANDEZ YAMILE DEL PILAR', 'NUÑEZ FERNANDEZ HERNÁN EDUARDO Y OTROS', 'CESION DE DERECHOS', 96, 98, 2023, 'Propiedad', NULL, '', '', '', '2025-09-04 22:38:55', '2025-09-04 22:38:55'),
(99, 'CATALAN BERRIOS ZUNILDA ALEJANDRINA', '', 'REINS. DOMINIO', 98, 99, 2023, 'Propiedad', NULL, '', '', '', '2025-09-04 22:38:55', '2025-09-04 22:38:55'),
(100, 'BRAVO CATALAN LUIS MAURICIO', 'CATALAN BERRIOS ZUNILDA ALEJANDRINA', 'COMPRAVENTA', 99, 100, 2023, 'Propiedad', NULL, '', '', '', '2025-09-04 22:38:55', '2025-09-04 22:38:55'),
(101, 'FUENTES SALINAS MAGDALENA CAROLINA', 'FUENTES TAPIA PEDRO WALDO Y OTRA', 'CESION DE DERECHOS', 100, 101, 2023, 'Propiedad', NULL, '', '', '', '2025-09-04 22:38:55', '2025-09-04 22:38:55'),
(102, 'GALLARDO FUENTES PERLA CONSTANZA', 'FUENTES TAPIA PERLA SOLEDAD', 'CESION DE DERECHOS', 100, 102, 2023, 'Propiedad', NULL, '', '', '', '2025-09-04 22:38:55', '2025-09-04 22:38:55'),
(103, 'TORRES QUIROZ RENE ARMANDO', '', 'REINS COMPRA', 101, 103, 2023, 'Propiedad', NULL, '', '', '', '2025-09-04 22:38:55', '2025-09-04 22:38:55'),
(104, 'VARAS BELTRAN MARAGRITA DEL CARMEN', '', 'REINS COMPARVENTA', 102, 104, 2023, 'Propiedad', NULL, '', '', '', '2025-09-04 22:38:55', '2025-09-04 22:38:55'),
(105, 'LARA LEIVA MARIO', '', 'POSESION EFECTVA', 103, 105, 2023, 'Propiedad', NULL, '', '', '', '2025-09-04 22:38:55', '2025-09-04 22:38:55'),
(106, 'LARA ARAYA JACQUELINE DEL CARMEN Y OTROS', 'LARA LEIVA MARIO', 'HERENCIA', 104, 106, 2023, 'Propiedad', NULL, '', '', '', '2025-09-04 22:38:55', '2025-09-04 22:38:55'),
(107, 'DONOSO DONOSO JUAN EMILIO', 'DONOSO BAHAMONDE JOSE SEGUNDO', 'COMPRAVENTA', 105, 107, 2023, 'Propiedad', NULL, '', '', '', '2025-09-04 22:38:55', '2025-09-04 22:38:55'),
(108, 'MERINO PAREDES ROSA AMELIA', '', 'POSESION EFECTIV', 106, 108, 2023, 'Propiedad', NULL, '', '', '', '2025-09-04 22:38:55', '2025-09-04 22:38:55'),
(109, 'HERNANDEZ MERINO MARIELA BERNARDITA Y OTROS', 'MERINO PAREDES ROSA AMELIA', 'HERENCIA', 106, 109, 2023, 'Propiedad', NULL, '', '', '', '2025-09-04 22:38:55', '2025-09-04 22:38:55'),
(110, 'PARKS STUART JONATHAN', '', 'REINS. COMPRAVENTA', 107, 110, 2023, 'Propiedad', NULL, '', '', '', '2025-09-04 22:38:55', '2025-09-04 22:38:55'),
(111, 'JARA SUAZO LISBETH CRISTINA', 'ORTEGA VERA JUAN BAUTISTA', 'COMPRAVENTA', 108, 111, 2023, 'Propiedad', NULL, '', '', '', '2025-09-04 22:38:55', '2025-09-04 22:38:55'),
(112, 'ALARCON ARANCIBIA HECTOR HERNAN', '', 'POSESION EFECTIVA', 109, 112, 2023, 'Propiedad', NULL, '', '', '', '2025-09-04 22:38:55', '2025-09-04 22:38:55'),
(113, 'CORNEJO LILLO SONIA FLOR Y OTROS', 'ALARCON ARANCIBIA HECTOR HERNAN', 'HERENCIA', 110, 113, 2023, 'Propiedad', NULL, '', '', '', '2025-09-04 22:38:55', '2025-09-04 22:38:55'),
(114, 'NUÑEZ ARAVENA MANUEL JESUS', '', 'POSESION EFECTIVA', 111, 114, 2023, 'Propiedad', NULL, '', '', '', '2025-09-04 22:38:55', '2025-09-04 22:38:55'),
(115, 'PIZARRO PIZARRO MARIA ANGELICA Y OTROS', 'NUÑEZ ARAVENA MANUEL JESUS', 'HERENCIA', 112, 115, 2023, 'Propiedad', NULL, '', '', '', '2025-09-04 22:38:55', '2025-09-04 22:38:55'),
(116, 'QUIÑONES PIZARRO LUIS ALBERTO', '', 'POSESION EFECTIVA', 113, 116, 2023, 'Propiedad', NULL, '', '', '', '2025-09-04 22:38:55', '2025-09-04 22:38:55'),
(117, 'QUIÑONES HIDALGO ROBERTO ANDRES Y OTRA', 'QUIÑONES PIZARRO LUIS ALBERTO', 'HERENCIA', 113, 117, 2023, 'Propiedad', NULL, '', '', '', '2025-09-04 22:38:55', '2025-09-04 22:38:55'),
(118, 'AHUMADA FREDES LUCIANO JOSE Y OTRA', 'AHUMADA FREDEZ ROSAMEL EDUARDO EUGENIO Y OTROS', 'CESION DE DERECHOS', 114, 118, 2023, 'Propiedad', NULL, '', '', '', '2025-09-04 22:38:55', '2025-09-04 22:38:55'),
(119, 'FLORES RODRIGUEZ ADAN MICHAEL', 'ESCOBAR ESCOBAR GENESIS ELIANA', 'COMPRAVENTA', 116, 119, 2023, 'Propiedad', NULL, '', '', '', '2025-09-04 22:38:55', '2025-09-04 22:38:55'),
(120, 'FLORES RODRIGUEZ ADAN MICHAEL', 'ESCOBAR ESCOBAR GENESIS ELIANA', 'CESION DE DERECHOS', 117, 120, 2023, 'Propiedad', NULL, '', '', '', '2025-09-04 22:38:55', '2025-09-04 22:38:55'),
(121, 'SILVA PULGAR LUCY FABIOLA', '', 'REINS. DOMINIO', 118, 121, 2023, 'Propiedad', NULL, '', '', '', '2025-09-04 22:38:55', '2025-09-04 22:38:55'),
(122, 'VEGA BRITO ISABEL MARGARITA DEL CARMEN', '', 'POSESION EFECTIVA', 119, 122, 2023, 'Propiedad', NULL, '', '', '', '2025-09-04 22:38:55', '2025-09-04 22:38:55'),
(123, 'SALAS VEGA MAURICIO ARMANDO Y OTROS', 'VEGA BRITO ISABEL MARGARITA DEL CARMEN', 'HERENCIA', 120, 123, 2023, 'Propiedad', NULL, '', '', '', '2025-09-04 22:38:55', '2025-09-04 22:38:55'),
(124, 'SALAS VEGA MAURICIO ARMANDO Y OTROS', 'VEGA BRITO ISABEL MARGARITA DEL CARMEN', 'HERENCIA', 121, 124, 2023, 'Propiedad', NULL, '', '', '', '2025-09-04 22:38:55', '2025-09-04 22:38:55'),
(125, 'GOMEZ FARIAS MIRIAM ESTER', '', 'POSESION EFECTIVA', 122, 125, 2023, 'Propiedad', NULL, '', '', '', '2025-09-04 22:38:55', '2025-09-04 22:38:55'),
(126, 'FAUNDEZ BASCUÑAN JUAN CARLOS Y OTRA', 'GOMEZ FARIAS MIRIAM ESTER', 'HERENCIA', 122, 126, 2023, 'Propiedad', NULL, '', '', '', '2025-09-04 22:38:55', '2025-09-04 22:38:55'),
(127, 'URBINA LOPEZ KARIME KATHERINE', 'SILVA LABRA MARTA JACQUELINE', 'COMPRAVENTA', 123, 127, 2023, 'Propiedad', NULL, '', '', '', '2025-09-04 22:38:55', '2025-09-04 22:38:55'),
(128, 'VERA URBINA GLADYS VERONICA CRISTINA', 'VERA URBINA ROSA ISABEL', 'CESION DE DERECHOS', 124, 128, 2023, 'Propiedad', NULL, '', '', '', '2025-09-04 22:38:55', '2025-09-04 22:38:55'),
(129, 'GOMEZ VARGAS BERTA ROSA', '', 'REINS. COMPRAVENTA', 125, 129, 2023, 'Propiedad', NULL, '', '', '', '2025-09-04 22:38:55', '2025-09-04 22:38:55'),
(130, 'VICENCIO AGUILERA PATRICIA ANTONIA', '', 'REINS. ADJUDICACION', 126, 130, 2023, 'Propiedad', NULL, '', '', '', '2025-09-04 22:38:55', '2025-09-04 22:38:55'),
(131, 'INVERSIONES SANTA ISABEL LIMITADA', 'SOCIEDAD AGRICOLA AGROVAL LIMITADA', 'COMPRAVENTA', 127, 131, 2023, 'Propiedad', NULL, '', '', '', '2025-09-04 22:38:55', '2025-09-04 22:38:55'),
(132, 'INVERSIONES SANTA ISABEL LIMITADA', 'SOCIEDAD AGRICOLA AGROVAL LIMITADA', 'COMPRAVENTA', 128, 132, 2023, 'Propiedad', NULL, '', '', '', '2025-09-04 22:38:55', '2025-09-04 22:38:55'),
(133, 'MORALES PUEBLA CECILIA DEL ROSARIO', '', 'REINS ADJUDICACION', 129, 133, 2023, 'Propiedad', NULL, '', '', '', '2025-09-04 22:38:55', '2025-09-04 22:38:55'),
(134, 'INMOBILIARIA E INVERSIONES VEGAS SpA', 'AGROEXPO ANDINO SpA', 'COMPRAVENTA', 131, 134, 2023, 'Propiedad', NULL, '', '', '', '2025-09-04 22:38:55', '2025-09-04 22:38:55'),
(135, 'CASTRO ROBLES LAUREANO DEL CARMEN', '', 'POSESION EFECTIVA', 131, 135, 2023, 'Propiedad', NULL, '', '', '', '2025-09-04 22:38:55', '2025-09-04 22:38:55'),
(136, 'CASTRO DIAZ GERARDO ANTONIO Y OTROS', 'CASTRO ROBLES LAUREANO DEL CARMEN', 'HERENCIA', 133, 136, 2023, 'Propiedad', NULL, '', '', '', '2025-09-04 22:38:55', '2025-09-04 22:38:55'),
(137, 'HENRIQUEZ LOPEZ EMILIO', 'PONTIGO RIQUELME CORINA ROSA', 'COMPRAVENTA', 134, 137, 2023, 'Propiedad', NULL, '', '', '', '2025-09-04 22:38:55', '2025-09-04 22:38:55'),
(138, 'FONDO DE INVERSION BCI HLC I', 'HIPOTECARIA LA CONSTRUCCION LEASING S.A.', 'COMPRAVENTA', 135, 138, 2023, 'Propiedad', NULL, '', '', '', '2025-09-04 22:38:55', '2025-09-04 22:38:55'),
(139, 'CORTEZ FIGUEROA EVA VICTORIA', '', 'REINS. COMPRAVENTA', 136, 139, 2023, 'Propiedad', NULL, '', '', '', '2025-09-04 22:38:55', '2025-09-04 22:38:55'),
(140, 'ZAPATA CARROZA ANA LUISA', 'VARGAS AREVALO JORGE NELSON', 'COMPENSACION ECONOMICA', 137, 140, 2023, 'Propiedad', NULL, '', '', '', '2025-09-04 22:38:55', '2025-09-04 22:38:55'),
(141, 'VEGA BRITO SARA AGUSTINA', '', 'POSESION EFECTIVA', 138, 141, 2023, 'Propiedad', NULL, '', '', '', '2025-09-04 22:38:55', '2025-09-04 22:38:55'),
(142, 'VEGA VEGA FELIPE SEBASTIAN Y OTROS', 'VEGA BRITO SARA AGUSTINA', 'HERENCIA', 139, 142, 2023, 'Propiedad', NULL, '', '', '', '2025-09-04 22:38:55', '2025-09-04 22:38:55'),
(143, 'FIGUEROA ZAMORA MYRIAM FRESIA', '', 'POSESION EFECTIVA', 140, 143, 2023, 'Propiedad', NULL, '', '', '', '2025-09-04 22:38:55', '2025-09-04 22:38:55'),
(144, 'ZAMORA CONTRERAS HUMBERTO HERNAN Y OTROS', 'FIGUEROA ZAMORA MYRIAM FRESIA', 'HERENCIA', 140, 144, 2023, 'Propiedad', NULL, '', '', '', '2025-09-04 22:38:55', '2025-09-04 22:38:55'),
(145, 'NEIRA DONOSO LUIS HUMBERTO', '', 'POSESION EFECTIVA', 141, 145, 2023, 'Propiedad', NULL, '', '', '', '2025-09-04 22:38:55', '2025-09-04 22:38:55'),
(146, 'SEPULVEDA FUENTEALBA EDITH SONIA Y OTROS', 'NEIRA DONOSO LUIS HUMBERTO', 'HERENCIA', 142, 146, 2023, 'Propiedad', NULL, '', '', '', '2025-09-04 22:38:55', '2025-09-04 22:38:55'),
(147, 'ARREDONDO ESPINOZA FRANCISCO DEL TRANSITO', '', 'REINS. DOMINIO', 143, 147, 2023, 'Propiedad', NULL, '', '', '', '2025-09-04 22:38:55', '2025-09-04 22:38:55'),
(148, 'BUGUEÑO GARCIA FERNANDA STEPHANIE', 'MELLA FUENZALIDA FERNANDO ANTONIO', 'COMPRAVENTA', 144, 148, 2023, 'Propiedad', NULL, '', '', '', '2025-09-04 22:38:55', '2025-09-04 22:38:55'),
(149, 'ORDENES CARVAJAL SERGIO PATRICIO', '', 'REINS. COMPRAVENTA', 145, 149, 2023, 'Propiedad', NULL, '', '', '', '2025-09-04 22:38:55', '2025-09-04 22:38:55'),
(150, 'ROBLES GARCIA HERMAN PATRICIO', '', 'REINS. COMPRAVENTA', 146, 150, 2023, 'Propiedad', NULL, '', '', '', '2025-09-04 22:38:55', '2025-09-04 22:38:55'),
(151, 'CONTRERAS VILLALON CARLOS ALBERTO', '', 'REINS. COMPRAVENTA', 147, 151, 2023, 'Propiedad', NULL, '', '', '', '2025-09-04 22:38:55', '2025-09-04 22:38:55'),
(152, 'ARANCIBIA ARANCIBIA JUAN', '', 'REINS COMPRA', 148, 152, 2023, 'Propiedad', NULL, '', '', '', '2025-09-04 22:38:55', '2025-09-04 22:38:55'),
(153, 'AGRICOLA GCI LIMITADA', 'COMERCIAL MOLIAFRO SpA', 'COMPRAVENTA', 150, 153, 2023, 'Propiedad', NULL, '', '', '', '2025-09-04 22:38:55', '2025-09-04 22:38:55'),
(154, 'AGRICOLA GCI LIMITADA', 'COMERCIAL MOLIAGRO SpA', 'COMPRAVENTA', 151, 154, 2023, 'Propiedad', NULL, '', '', '', '2025-09-04 22:38:55', '2025-09-04 22:38:55'),
(155, 'ABARCA CORREA KAREN FRANCISCA', 'ABARCA CORREA RICARDO ALFREDO', 'CESION DE DERECHOS', 152, 155, 2023, 'Propiedad', NULL, '', '', '', '2025-09-04 22:38:55', '2025-09-04 22:38:55'),
(156, 'BEAS NEIRA CAROLINA ALEJANDRA', 'SILVA NEIRA MARIA JOSE', 'COMPRAVENTA', 153, 156, 2023, 'Propiedad', NULL, '', '', '', '2025-09-04 22:38:55', '2025-09-04 22:38:55'),
(157, 'INMOBILIARIA GUIÑEZ SpA', 'CRAVIOTO CORDOVA GUADALUPE', 'COMPARVENTA', 154, 157, 2023, 'Propiedad', NULL, '', '', '', '2025-09-04 22:38:55', '2025-09-04 22:38:55'),
(158, 'CASTRO MARIA ISABEL', '', 'POSESION EFECTIVA', 155, 158, 2023, 'Propiedad', NULL, '', '', '', '2025-09-04 22:38:55', '2025-09-04 22:38:55'),
(159, 'FERNANDEZ CASTRO JUAN BAUTISTA Y OTROS', 'CASTRO MARIA ISABEL', 'HERENCIA', 156, 159, 2023, 'Propiedad', NULL, '', '', '', '2025-09-04 22:38:55', '2025-09-04 22:38:55'),
(160, 'FERNANDEZ CASTRO JUAN BAUTISTA Y OTROS', 'CASTRO MARIA ISABEL', 'HERENCIA', 157, 160, 2023, 'Propiedad', NULL, '', '', '', '2025-09-04 22:38:55', '2025-09-04 22:38:55'),
(161, 'FERNANDEZ CASTRO JUAN BAUTISTA Y OTROS', 'CASTRO MARIA ISABEL', 'HERENCIA', 158, 161, 2023, 'Propiedad', NULL, '', '', '', '2025-09-04 22:38:55', '2025-09-04 22:38:55'),
(162, 'CALDERON LEIVA PAMELA ANDREA', '', 'REINS COMPRAVENTA', 159, 162, 2023, 'Propiedad', NULL, '', '', '', '2025-09-04 22:38:55', '2025-09-04 22:38:55'),
(163, 'PARAS HERRERA ELEUTERIO ENRIQUE', 'SERVICIO AGRICOLA Y GANADERA', 'COMPRAVENTA', 160, 163, 2023, 'Propiedad', NULL, '', '', '', '2025-09-04 22:38:55', '2025-09-04 22:38:55'),
(164, 'TAPIA ARAYA MONICA ELIANA Y OTROS', 'ARAYA ARAVENA MARIA DEL CARMEN', 'HERENCIA', 161, 164, 2023, 'Propiedad', NULL, '', '', '', '2025-09-04 22:38:55', '2025-09-04 22:38:55'),
(165, 'TAPIA ARAYA MONICA ELIANA Y OTROS', 'TAPIA MAUNA LUIS RUPERTO', 'HERENCIA', 162, 165, 2023, 'Propiedad', NULL, '', '', '', '2025-09-04 22:38:55', '2025-09-04 22:38:55'),
(166, 'FERRADA VIVANCO GISSY ALEJANDRA', 'INMOBILIARIA E INVERSIONES FERBOR SpA', 'COMPRAVENTA', 163, 166, 2023, 'Propiedad', NULL, '', '', '', '2025-09-04 22:38:55', '2025-09-04 22:38:55'),
(167, 'VILLEGAS URRA GUILLERMINA DEL CARMEN', '', 'POSESION EFECTIVA', 164, 167, 2023, 'Propiedad', NULL, '', '', '', '2025-09-04 22:38:55', '2025-09-04 22:38:55'),
(168, 'BECERRA VILLEGAS CAMILO DEL TRANSITO Y OTRAS', 'VILLEGAS URRA GUILLERMINA DEL CARMEN', 'HERENCIA', 165, 168, 2023, 'Propiedad', NULL, '', '', '', '2025-09-04 22:38:55', '2025-09-04 22:38:55'),
(169, 'CARRASCO RAMIREZ PATRICIA DEL CARMEN', '', 'POSESION EFECTIVA', 166, 169, 2023, 'Propiedad', NULL, '', '', '', '2025-09-04 22:38:55', '2025-09-04 22:38:55'),
(170, 'GAZZARI ALISTE SOFIA BELEN Y OTROS', 'CARRASCO RAMIREZ PATRICIA DEL CARMEN', 'HERENCIA', 168, 170, 2023, 'Propiedad', NULL, '', '', '', '2025-09-04 22:38:55', '2025-09-04 22:38:55'),
(171, 'MANKOCH VERGARA PHILIPPE ANTOINE', 'INVERSIONES SANTA ELIANA SpA', 'COMPRAVENTA', 169, 171, 2023, 'Propiedad', NULL, '', '', '', '2025-09-04 22:38:55', '2025-09-04 22:38:55'),
(172, 'PEREZ IBARRA HUGO ALBERTO', '', 'POSESION EFECTIVA', 170, 172, 2023, 'Propiedad', NULL, '', '', '', '2025-09-04 22:38:55', '2025-09-04 22:38:55'),
(173, 'NEIRA VARAS MARIA DEL ROSARIO Y OTROS', 'PEREZ IBARRA HUGO ALBERTO', 'HERENCIA', 171, 173, 2023, 'Propiedad', NULL, '', '', '', '2025-09-04 22:38:55', '2025-09-04 22:38:55'),
(174, 'GALLARDO LIRA JOSE FRANCISCO', '', 'REINS. COMPRAVENTA', 172, 174, 2023, 'Propiedad', NULL, '', '', '', '2025-09-04 22:38:55', '2025-09-04 22:38:55'),
(175, 'CHACON FUENTES FRANCISCO IGNACIO', 'FUENTES TAPIA MIRELLA LIBERTAD', 'CESION DE DERECHOS', 173, 175, 2023, 'Propiedad', NULL, '', '', '', '2025-09-04 22:38:55', '2025-09-04 22:38:55'),
(176, 'DERDERIAN SALAS JUAN CARLOS', 'DERDERIAN SALAS GLORIA CECILIA Y OTROS', 'ADJUDICACION', 174, 176, 2023, 'Propiedad', NULL, '', '', '', '2025-09-04 22:38:55', '2025-09-04 22:38:55'),
(177, 'VALDIVIA LOPEZ MARIO AMABLE', '', 'REINS. COMPRAVENTA', 175, 177, 2023, 'Propiedad', NULL, '', '', '', '2025-09-04 22:38:55', '2025-09-04 22:38:55'),
(178, 'AVIÑO MANSILLA FELIPE GASPAR', 'MUJICA ROJAS LUIS', 'COMPRAVENTA', 176, 178, 2023, 'Propiedad', NULL, '', '', '', '2025-09-04 22:38:55', '2025-09-04 22:38:55'),
(179, 'ALFARO SALDIVAR ENRIQUE DEL CARMEN', '', 'POSESION EFECTIVA', 177, 179, 2023, 'Propiedad', NULL, '', '', '', '2025-09-04 22:38:55', '2025-09-04 22:38:55'),
(180, 'ALFARO RAMIREZ MARCELA PATRICIA Y OTRA', 'ALFARO SALDIVAR ENRIQUE DEL CARMEN', 'HERENCIA', 177, 180, 2023, 'Propiedad', NULL, '', '', '', '2025-09-04 22:38:55', '2025-09-04 22:38:55'),
(181, 'MORI FIGUEROA RUBEN ANSELMO', '', 'REINS COMPRAVENTA', 178, 181, 2023, 'Propiedad', NULL, '', '', '', '2025-09-04 22:38:55', '2025-09-04 22:38:55'),
(182, 'REYES MELLA JOSE RENE', 'MORI FIGUEROA RUBEN ANSELMO', 'COMPRAVENTA', 180, 182, 2023, 'Propiedad', NULL, '', '', '', '2025-09-04 22:38:55', '2025-09-04 22:38:55'),
(183, 'MORALES CASTRO MARIA ELENA', '', 'REINS COMPARVENTA', 180, 183, 2023, 'Propiedad', NULL, '', '', '', '2025-09-04 22:38:55', '2025-09-04 22:38:55'),
(184, 'MORALES CASTRO MARIA ELENA', '', 'REINS COMPRAVENTA', 181, 184, 2023, 'Propiedad', NULL, '', '', '', '2025-09-04 22:38:55', '2025-09-04 22:38:55'),
(185, 'MORALES CASTRO MARIA ELENA', '', 'REINS. COMPRAVENTA', 182, 185, 2023, 'Propiedad', NULL, '', '', '', '2025-09-04 22:38:55', '2025-09-04 22:38:55'),
(186, 'QUIROZ VERA LORENA DE CARMEN', '', 'REINS ADJUDICACION', 183, 186, 2023, 'Propiedad', NULL, '', '', '', '2025-09-04 22:38:55', '2025-09-04 22:38:55'),
(187, 'SALAS MALDONADO LILIANA PAMELA', 'PACHECO JIL JOHN EDUARDO', 'CESION DE DERECHOS', 185, 187, 2023, 'Propiedad', NULL, '', '', '', '2025-09-04 22:38:55', '2025-09-04 22:38:55'),
(188, 'VALENCIA TRUJILLO LUIS ENRIQUE', 'VALENCIA BAEZA ERICK ALFREDO', 'CESION DE DERECHOS', 185, 188, 2023, 'Propiedad', NULL, '', '', '', '2025-09-04 22:38:55', '2025-09-04 22:38:55'),
(189, 'DEL CANTO CORNEJO KATHERINE ROSA', 'SOCIEDAD AGRICOLA SAN CARLOS DE CATEMU LIMITADA', 'COMPRAVENTA', 186, 189, 2023, 'Propiedad', NULL, '', '', '', '2025-09-04 22:38:55', '2025-09-04 22:38:55'),
(190, 'MATURANA LANAS BRAULIO ALEXI', 'LANAS GONZALEZ ANGELINA DEL CARMEN', 'CESION DE DERECHOS', 187, 190, 2023, 'Propiedad', NULL, '', '', '', '2025-09-04 22:38:55', '2025-09-04 22:38:55'),
(191, 'MARTINEZ BRITO LUIS ALBERTO', '', 'REINS COMPRAVENTA', 188, 191, 2023, 'Propiedad', NULL, '', '', '', '2025-09-04 22:38:55', '2025-09-04 22:38:55'),
(192, 'FUENTES FUENTES MANUEL ALEJANDRO', 'BUGUEÑO CHAVEZ LILIANA JESSENIA', 'COMPRAVENTA', 189, 192, 2023, 'Propiedad', NULL, '', '', '', '2025-09-04 22:38:55', '2025-09-04 22:38:55'),
(193, 'SOTO FUENTEALBA GERMAN ANTONIO', 'SOTO MURA GERMAN ANTONIO', 'CESION DE DERECHOS', 190, 193, 2023, 'Propiedad', NULL, '', '', '', '2025-09-04 22:38:55', '2025-09-04 22:38:55'),
(194, 'CONTRERAS PINTO JORGE ANTONIO', '', 'REINS. COMPRAVENTA', 191, 194, 2023, 'Propiedad', NULL, '', '', '', '2025-09-04 22:38:55', '2025-09-04 22:38:55'),
(195, 'ROZAS HORTA JUAN DE DIOS', 'ROZAS ZAPATA JULIA DEL CARMEN', 'CESIOND DE DERECHOS', 192, 195, 2023, 'Propiedad', NULL, '', '', '', '2025-09-04 22:38:55', '2025-09-04 22:38:55'),
(196, 'CONTRERAS CALDERON LUIS ALEJANDRO Y OTRO', 'TREJO VEGA ALICIA VICTORIA Y OTRO', 'CESION DE DERECHOS', 193, 196, 2023, 'Propiedad', NULL, '', '', '', '2025-09-04 22:38:55', '2025-09-04 22:38:55'),
(197, 'MATURANA CERDA SUGEY DEL CARMEN', '', 'REINS ADJUDICACION', 194, 197, 2023, 'Propiedad', NULL, '', '', '', '2025-09-04 22:38:55', '2025-09-04 22:38:55'),
(198, 'ZAMORA SILVA JUAN CARLOS', 'MATURANA CERDA SUGEY DEL CARMEN', 'COMPRAVENTA', 195, 198, 2023, 'Propiedad', NULL, '', '', '', '2025-09-04 22:38:55', '2025-09-04 22:38:55'),
(199, 'MESINA OJEDA ROXANA DEL CARMEN Y OTRO', 'MESINA OJEDA HECTOR MIGUEL', 'CESION DE DERECHOS', 196, 199, 2023, 'Propiedad', NULL, '', '', '', '2025-09-04 22:38:55', '2025-09-04 22:38:55'),
(200, 'MESINA OJEDA ROXANA DEL CARMEN', 'OJEDA BUSTAMANTE DEL CARMEN', 'CESION DE DERECHOS', 197, 200, 2023, 'Propiedad', NULL, '', '', '', '2025-09-04 22:38:55', '2025-09-04 22:38:55'),
(201, 'GAJARDO SEPULVEDA JOAQUIN', '', 'REINS. DOMINIO', 198, 201, 2023, 'Propiedad', NULL, '', '', '', '2025-09-04 22:38:55', '2025-09-04 22:38:55'),
(202, 'GAJARDO SEPULVEDA JOAQUIN', '', 'POSESION EFECTIVA', 198, 202, 2023, 'Propiedad', NULL, '', '', '', '2025-09-04 22:38:55', '2025-09-04 22:38:55'),
(203, 'IBACETA VERGARA ROSA ESTER Y OTROS', 'GAJARDO SEPULVEDA JOAQUIN', 'HERENCIA', 199, 203, 2023, 'Propiedad', NULL, '', '', '', '2025-09-04 22:38:55', '2025-09-04 22:38:55'),
(204, 'VILLARROEL FIGUEROA WALDO DEL CARMEN', 'WALDO VILLARROEL E HIJOS SOC. DE RESPONSABILIDAD LIMITADA', 'COMPRAVENTA', 200, 204, 2023, 'Propiedad', NULL, '', '', '', '2025-09-04 22:38:55', '2025-09-04 22:38:55'),
(205, 'MUÑOZ BARRAZA ERVIN ELISEO', 'INVERSIONES EL ARRAYAN LIMITADA', 'COMPRAVENTA', 201, 205, 2023, 'Propiedad', NULL, '', '', '', '2025-09-04 22:38:55', '2025-09-04 22:38:55'),
(206, 'MUÑOZ BARRAZA ERVIN ELISEO', 'INVERSIONES EL ARRAYAN LIMITADA', 'COMPRAVENTA', 202, 206, 2023, 'Propiedad', NULL, '', '', '', '2025-09-04 22:38:55', '2025-09-04 22:38:55'),
(207, 'HERNANDEZ HERRERA JUAN CARLOS', 'DIAZ CARCAMO CECILIA JACQUELINE', 'COMPRAVENTA', 203, 207, 2023, 'Propiedad', NULL, '', '', '', '2025-09-04 22:38:55', '2025-09-04 22:38:55'),
(208, 'DEL CANTO ARAVENA PATRICIO HERNAN', 'ZAMORANO PEREZ JAIME ALBERTO Y OTRA', 'COMPRAVENTA', 204, 208, 2023, 'Propiedad', NULL, '', '', '', '2025-09-04 22:38:55', '2025-09-04 22:38:55'),
(209, 'FUENTES RODRIGUEZ JUAN IGNACIO', 'ROJAS HENRIQUEZ ROSA ELVIRA', 'COMPRAVENTA', 205, 209, 2023, 'Propiedad', NULL, '', '', '', '2025-09-04 22:38:55', '2025-09-04 22:38:55'),
(210, 'PASTEN NOGUERA HERIBERTO FLAVIO', '', 'POSESION EFECTIVA', 206, 210, 2023, 'Propiedad', NULL, '', '', '', '2025-09-04 22:38:55', '2025-09-04 22:38:55'),
(211, 'PASTEN QUIROZ CAROLINA ALEJANDRA Y OTROS', 'PASTEN NOGUERA HERIBERTO FLAVIO', 'HERENCIA', 207, 211, 2023, 'Propiedad', NULL, '', '', '', '2025-09-04 22:38:55', '2025-09-04 22:38:55'),
(212, 'NARANJO CONTRERAS SOPHIA ALEJANDRA Y OTRA', '', 'REINS. COMPRAVENTA', 208, 212, 2023, 'Propiedad', NULL, '', '', '', '2025-09-04 22:38:55', '2025-09-04 22:38:55'),
(213, 'ALVAREZ CONTRERAS CAROLINA PAZ', '', 'REINS. CESION DE DERECHOS', 209, 213, 2023, 'Propiedad', NULL, '', '', '', '2025-09-04 22:38:55', '2025-09-04 22:38:55'),
(214, 'ESCOBAR SALAS JOSE ANTONIO', '', 'REINS COMPRAVENTA', 210, 214, 2023, 'Propiedad', NULL, '', '', '', '2025-09-04 22:38:55', '2025-09-04 22:38:55'),
(215, 'NUÑEZ LOPEZ SILVIA MERCEDES', '', 'REINS. DOMINIO', 211, 215, 2023, 'Propiedad', NULL, '', '', '', '2025-09-04 22:38:55', '2025-09-04 22:38:55'),
(216, 'FUENZALIDDA FUENZALIDA FAUSTINO', '', 'REINS. COMPRAVENTA', 212, 216, 2023, 'Propiedad', NULL, '', '', '', '2025-09-04 22:38:55', '2025-09-04 22:38:55'),
(217, 'ANGEL SAAVEDRA JORGE ARTURO', '', 'POSESION EFECTIVA', 213, 217, 2023, 'Propiedad', NULL, '', '', '', '2025-09-04 22:38:55', '2025-09-04 22:38:55'),
(218, 'ANGEL SALAS BYRON KRISS Y OTRAS', 'ANGEL SAAVEDRA JORGE ARTURO', 'HERENCIA', 215, 218, 2023, 'Propiedad', NULL, '', '', '', '2025-09-04 22:38:55', '2025-09-04 22:38:55'),
(219, 'LEIVA CASTRO GEORGINA DEL CARMEN', '', 'POSESION EFECTIVA', 216, 219, 2023, 'Propiedad', NULL, '', '', '', '2025-09-04 22:38:55', '2025-09-04 22:38:55'),
(220, 'OYANEDER LEIVA MARIA GEORGINA', 'LEIVA CASTRO GEORGINA DEL CARMEN', 'HERENCIA', 216, 220, 2023, 'Propiedad', NULL, '', '', '', '2025-09-04 22:38:55', '2025-09-04 22:38:55'),
(221, 'DUQUE PEREZ JUANA MARIA', '', 'POSESION EFECTIVA', 217, 221, 2023, 'Propiedad', NULL, '', '', '', '2025-09-04 22:38:55', '2025-09-04 22:38:55'),
(222, 'HERNANDEZ DUQUE ANA ROSA Y OTROS', 'DUQUE PEREZ JUANA MARIA', 'HERENCIA', 219, 222, 2023, 'Propiedad', NULL, '', '', '', '2025-09-04 22:38:55', '2025-09-04 22:38:55'),
(223, 'AHUMADA GUERRERO OSCAR ORLANDO', '', 'POSESION EFECTIVA', 221, 223, 2023, 'Propiedad', NULL, '', '', '', '2025-09-04 22:38:55', '2025-09-04 22:38:55'),
(224, 'AHUMADA PEREZ HECTOR ORLANDO Y OTROS', 'AHUMADA GUERRERO OSCAR ORLANDO', 'HERENCIA', 222, 224, 2023, 'Propiedad', NULL, '', '', '', '2025-09-04 22:38:55', '2025-09-04 22:38:55'),
(225, 'AHUMADA PEREZ HECTOR ORLNADO Y OTROS', 'AHUMADA GUERRERO OSCAR ORLANDO', 'HERENCIA', 224, 225, 2023, 'Propiedad', NULL, '', '', '', '2025-09-04 22:38:55', '2025-09-04 22:38:55'),
(226, 'PEREZ JAMEN MARAGRITA AIDA', '', 'POSESION EFECTIVA', 225, 226, 2023, 'Propiedad', NULL, '', '', '', '2025-09-04 22:38:55', '2025-09-04 22:38:55'),
(227, 'AHUMADA PEREZ HECTOR ORLANDO Y OTROS', 'PEREZ JAMEN MARGARITA AIDA', 'HERENCIA', 226, 227, 2023, 'Propiedad', NULL, '', '', '', '2025-09-04 22:38:55', '2025-09-04 22:38:55'),
(228, 'AHUMADA PEREZ HECTOR ORLANDO Y OTROS', 'PEREZ JAMEN MARGARITA AIDA', 'HERENCIA', 227, 228, 2023, 'Propiedad', NULL, '', '', '', '2025-09-04 22:38:55', '2025-09-04 22:38:55'),
(229, 'DIAZ LOPEZTERESA MERCEDES', 'DIAZ LOPEZ FELIZ ANTONIO Y OTROS', 'CESION DE DERECHOS', 227, 229, 2023, 'Propiedad', NULL, '', '', '', '2025-09-04 22:38:55', '2025-09-04 22:38:55'),
(230, 'CARVAJAL LEIVA JUAN CARLOS', '', 'REINS. CESION DE DERECHOS', 229, 230, 2023, 'Propiedad', NULL, '', '', '', '2025-09-04 22:38:55', '2025-09-04 22:38:55'),
(231, 'GUZMAN VARGAS ISABEL EDITH', 'VARGAS SALINAS AUDOLICIA DE LAS MERCEDES', 'COMPRAVENTA', 230, 231, 2023, 'Propiedad', NULL, '', '', '', '2025-09-04 22:38:55', '2025-09-04 22:38:55'),
(232, 'IBARRA ALFARO MARCELO ANTONIO', 'DURAN GARCIA ANA MARIA', 'COMPRAVENTA', 231, 232, 2023, 'Propiedad', NULL, '', '', '', '2025-09-04 22:38:55', '2025-09-04 22:38:55'),
(233, 'FARIAS MOYANO FRANCISCO JAVIER', 'MOYANO GARAY MARIA MARCELA', 'CESION DE DERECHOS', 231, 233, 2023, 'Propiedad', NULL, '', '', '', '2025-09-04 22:38:55', '2025-09-04 22:38:55'),
(234, 'VILLARROEL TAPIA ISABEL DEL CARMEN', '', 'POSESION EFECTIVA', 232, 234, 2023, 'Propiedad', NULL, '', '', '', '2025-09-04 22:38:55', '2025-09-04 22:38:55'),
(235, 'OYANEDEL VILLARROEL VALESKA TERESA Y OTROS', 'VILLARROEL TAPIA ISABEL DEL CARMEN', 'HERENCIA', 233, 235, 2023, 'Propiedad', NULL, '', '', '', '2025-09-04 22:38:55', '2025-09-04 22:38:55'),
(236, 'OYANEDEL VILLARROEL VALESKA TERESA Y OTROS', 'VILLARROEL TAPIA ISABEL DEL CARMEN', 'HERENCA', 234, 236, 2023, 'Propiedad', NULL, '', '', '', '2025-09-04 22:38:55', '2025-09-04 22:38:55'),
(237, 'OYANEDEL VILLARROEL VALESKA TERESA Y OTROS', 'VILLARROEL TAPIA ISABEL DEL CARMEN', 'HERENCIA', 235, 237, 2023, 'Propiedad', NULL, '', '', '', '2025-09-04 22:38:55', '2025-09-04 22:38:55'),
(238, 'OYANEDEL VILLARROEL VALESKA TERESA Y OTROS', 'VILLARROEL TAPIA ISABEL DEL CARMEN', 'HERENCIA', 235, 237, 2023, 'Propiedad', NULL, '', '', '', '2025-09-04 22:38:55', '2025-09-04 22:38:55'),
(239, 'SOC. CAMPUSANO HIDALGO HERMANOS LTDA.', 'SANDOVAL SANCHEZ JUAN BAUTISTA', 'COMPRAVENTA', 236, 238, 2023, 'Propiedad', NULL, '', '', '', '2025-09-04 22:38:55', '2025-09-04 22:38:55'),
(240, 'COMPAÑÍA INMOBILIARIA LA HISPANO CHILENA S.A. Y OTROS', '', 'REINS. DOMINIO', 237, 239, 2023, 'Propiedad', NULL, '', '', '', '2025-09-04 22:38:55', '2025-09-04 22:38:55'),
(241, 'LAZCANO SALAS FRESIA DEL CARMEN', '', 'DOMINIO', 238, 240, 2023, 'Propiedad', NULL, '', '', '', '2025-09-04 22:38:55', '2025-09-04 22:38:55'),
(242, 'YAÑEZ URBINA CHRISTIAN FRANCISCO', 'URBINA GALLEGUILLOS INES DEL CARMEN', 'CEISON DE DERECHOS', 239, 241, 2023, 'Propiedad', NULL, '', '', '', '2025-09-04 22:38:55', '2025-09-04 22:38:55'),
(243, 'CHAVEZ CRUZ VICTOR DEL TRANSITO', '', 'REINS. COMPRAVENTA', 240, 242, 2023, 'Propiedad', NULL, '', '', '', '2025-09-04 22:38:55', '2025-09-04 22:38:55'),
(244, 'CHAVEZ MAYORGA EDITH MARIBEL', 'CHAVEZ MAYORGA ALEXIS RODRIGO Y OTRA', 'CESION DE DERECHOS', 241, 243, 2023, 'Propiedad', NULL, '', '', '', '2025-09-04 22:38:55', '2025-09-04 22:38:55'),
(245, 'PIZARRO HERRERA JOCELYN VICTORIA', 'PIZARRO AGUAYO HUMBERTO MACARIO Y OTRA', 'COMPARVENTA', 242, 244, 2023, 'Propiedad', NULL, '', '', '', '2025-09-04 22:38:55', '2025-09-04 22:38:55'),
(246, 'PIZARRO HERRERA ALEJANDRO ANDRES', 'PIZARRO AGUAYO HUMBERTO MACARIO Y OTRA', 'COMPRAVENTA', 243, 245, 2023, 'Propiedad', NULL, '', '', '', '2025-09-04 22:38:55', '2025-09-04 22:38:55'),
(247, 'PIZARRO AGUAYO JUAN DEL CARMEN', 'PIZARRO AGUAYO HUMBERTO MACARIO', 'ADJUDIDICACION', 244, 246, 2023, 'Propiedad', NULL, '', '', '', '2025-09-04 22:38:55', '2025-09-04 22:38:55'),
(248, 'SANCHEZ VERGARA MARCELO', 'VERGARA BRAVO HILDA LILA', 'COMPRAVENTA', 245, 247, 2023, 'Propiedad', NULL, '', '', '', '2025-09-04 22:38:55', '2025-09-04 22:38:55'),
(249, 'CARVAJAL CARDENAS NOEMIA HORTENSIA', 'VERA GARATE CARLOS HUMBERTO', 'COMPRAVENTA', 246, 248, 2023, 'Propiedad', NULL, '', '', '', '2025-09-04 22:38:55', '2025-09-04 22:38:55'),
(250, 'MENA RIOS CARLOS REINALDO', 'TAPIA MORALES PAMELA DEL CARMEN', 'COMPRAVENTA', 247, 249, 2023, 'Propiedad', NULL, '', '', '', '2025-09-04 22:38:55', '2025-09-04 22:38:55'),
(251, 'OLAVARRIA OLAVARRIA ONOFRE HERNAN', '', 'REINS. DOMINIO', 248, 250, 2023, 'Propiedad', NULL, '', '', '', '2025-09-04 22:38:55', '2025-09-04 22:38:55'),
(252, 'PEÑA TAPIA ADELMO CESAR', 'PAREDES LEIVA CARLOS ANDRES', 'COMPRAVENTA', 249, 251, 2023, 'Propiedad', NULL, '', '', '', '2025-09-04 22:38:55', '2025-09-04 22:38:55'),
(253, 'MERINO PAREDES SANDRA LORENA', 'MERINO PAREDES IRAN DAVID Y OTROS', 'CESION DE DERECHOS', 250, 252, 2023, 'Propiedad', NULL, '', '', '', '2025-09-04 22:38:55', '2025-09-04 22:38:55'),
(254, 'SERVICIO SANITARIO RURAL ÑILHUE UNIDO', '', 'DOMINIO', 251, 253, 2023, 'Propiedad', NULL, '', '', '', '2025-09-04 22:38:55', '2025-09-04 22:38:55'),
(255, 'SERVICIO SANITARIO RURAL ÑILHUE UNIDO', '', 'DOMINIO', 252, 254, 2023, 'Propiedad', NULL, '', '', '', '2025-09-04 22:38:55', '2025-09-08 22:12:25'),
(256, 'ESPINOZA VERGARA ANA MARIA', '', 'REINS. COMPRAVENTA', 253, 255, 2023, 'Propiedad', NULL, '', '', '', '2025-09-04 22:38:55', '2025-09-04 22:38:55'),
(257, 'MENESES ESPINOZA AURELIO SEGUNDO', 'ESPINOZA VERGARA ANA MARIA', 'COMPRAVENTA', 254, 256, 2023, 'Propiedad', NULL, '', '', '', '2025-09-04 22:38:55', '2025-09-04 22:38:55'),
(258, 'GODOY OLIVARES JUAN LUIS', '', 'POSESION EFECTIVA', 255, 257, 2023, 'Propiedad', NULL, '', '', '', '2025-09-04 22:38:55', '2025-09-04 22:38:55'),
(259, 'GODOY AHUMADA LUZ MARIA Y OTROS', 'GODOY OLIVARES JUAN LUIS', 'HERENCIA', 256, 258, 2023, 'Propiedad', NULL, '', '', '', '2025-09-04 22:38:55', '2025-09-04 22:38:55'),
(260, 'GODOY AHUMADA LUZ MARIA Y OTROS', 'GODOY OLIVARES JUAN LUIS', 'HERENCIA', 257, 259, 2023, 'Propiedad', NULL, '', '', '', '2025-09-04 22:38:55', '2025-09-04 22:38:55'),
(261, 'FLORES FARIAS JOSE MIGUEL', 'INVERSIONES MUNDO SpA', 'COMPRAVENTA', 258, 260, 2023, 'Propiedad', NULL, '', '', '', '2025-09-04 22:38:55', '2025-09-04 22:38:55'),
(262, 'CARVAJAL CARVAJAL DELFIN DE LOS ANGELES', '', 'REINS. COMPRAVENTA', 259, 261, 2023, 'Propiedad', NULL, '', '', '', '2025-09-04 22:38:55', '2025-09-04 22:38:55'),
(263, 'SAAVEDRA MARTINEZ MIRIAN DEL CARMEN', '', 'REINS. DOMINIO', 260, 262, 2023, 'Propiedad', NULL, '', '', '', '2025-09-04 22:38:55', '2025-09-04 22:38:55'),
(264, 'ARISTIDES ARISIDES MARIA', 'RIQUELME URRA LUIZ LEONARDO', 'COMPRAVENTA', 261, 263, 2023, 'Propiedad', NULL, '', '', '', '2025-09-04 22:38:55', '2025-09-04 22:38:55'),
(265, 'GUAJARDO JIMENEZ GLORIA DEL CARMEN', 'VERGARA DIAZ VICTOR MANUEL', 'COMPRAVENTA', 262, 264, 2023, 'Propiedad', NULL, '', '', '', '2025-09-04 22:38:55', '2025-09-04 22:38:55'),
(266, 'CONTRERAS VALDES DARLING MIRIAM DEL CARMEN', 'INVERSIONES MUNDO SpA', 'COMPRAVENTA', 262, 265, 2023, 'Propiedad', NULL, '', '', '', '2025-09-04 22:38:55', '2025-09-04 22:38:55'),
(267, 'ROCO TAPIA DOMINGO', '', 'POSESION EFECTIVA', 263, 266, 2023, 'Propiedad', NULL, '', '', '', '2025-09-04 22:38:55', '2025-09-04 22:38:55'),
(268, 'ROCO GONZALEZ DANILO HERNAN Y OTROS', 'ROCO TAPIA DOMINGO', 'HERENCIA', 264, 267, 2023, 'Propiedad', NULL, '', '', '', '2025-09-04 22:38:55', '2025-09-04 22:38:55'),
(269, 'ROCO GONZALEZ DANILO HERNAN Y OTROS', 'ROCO TAPIA DOMINGO', 'HERENCIA', 266, 268, 2023, 'Propiedad', NULL, '', '', '', '2025-09-04 22:38:55', '2025-09-04 22:38:55'),
(270, 'ROCO GONZALEZ DANILO HERNAN Y OTROS', 'ROCO TAPIA DOMINGO', 'HERENCIA', 266, 269, 2023, 'Propiedad', NULL, '', '', '', '2025-09-04 22:38:55', '2025-09-04 22:38:55'),
(271, 'DONOSO REYES ALDO GONZALO', 'INVERSIONES EL ARRAYAN LTDA', 'COMPRAVENTA', 267, 270, 2023, 'Propiedad', NULL, '', '', '', '2025-09-04 22:38:55', '2025-09-04 22:38:55'),
(272, 'URBINA GALLEGUILLOS MIRIAM FRANCISCA', '', 'REINS. COMPRAVENTA', 268, 271, 2023, 'Propiedad', NULL, '', '', '', '2025-09-04 22:38:55', '2025-09-04 22:38:55'),
(273, 'LEASING URBANO S.A.', 'MARTINEZ ORMEÑO HECTOR ALEX Y OTRA', 'COMPRAVENTA', 269, 272, 2023, 'Propiedad', NULL, '', '', '', '2025-09-04 22:38:55', '2025-09-04 22:38:55'),
(274, 'ACUÑA BRUNETTI RODRIGO GABRIEL', 'CABO VILLALON ALICIA Y OTROS', 'COMPRAVENTA', 270, 273, 2023, 'Propiedad', NULL, '', '', '', '2025-09-04 22:38:55', '2025-09-04 22:38:55'),
(275, 'IBACACHE FERNANDEZ LUIS HUMBERTO', '', 'POSESION EFECTIVA', 271, 274, 2023, 'Propiedad', NULL, '', '', '', '2025-09-04 22:38:55', '2025-09-04 22:38:55'),
(276, 'IBACACHE ARREDONDO PATRICIA DE LAS MERCEDES Y OTROS', 'IBACACHE FERNANDEZ LUIS HUMBERTO', 'HERENCIA', 272, 275, 2023, 'Propiedad', NULL, '', '', '', '2025-09-04 22:38:55', '2025-09-04 22:38:55'),
(277, 'VICENCIO AHUMADA NANCY DE LAS MERCEDES', '', 'POSESION EFECTIVA', 273, 276, 2023, 'Propiedad', NULL, '', '', '', '2025-09-04 22:38:55', '2025-09-04 22:38:55'),
(278, 'GALALRDO LIRA MANUEL ANGEL', 'VICENCIO AHUMADA NANCY DE LAS MERCEDES', 'HERENCIA', 274, 277, 2023, 'Propiedad', NULL, '', '', '', '2025-09-04 22:38:55', '2025-09-04 22:38:55'),
(279, 'ARAYA GUZMAN BERNANRDA ANDREA', 'RAMIREZ ROJAS ANA MAGALY', 'COMPRAVENTA', 275, 278, 2023, 'Propiedad', NULL, '', '', '', '2025-09-04 22:38:55', '2025-09-04 22:38:55'),
(280, 'BRIONES CARDENAS CAROLINA ANDREA', 'MIRLE GALDAMES ROS DEL CARMEN', 'COMPRAVENTA', 276, 279, 2023, 'Propiedad', NULL, '', '', '', '2025-09-04 22:38:55', '2025-09-04 22:38:55'),
(281, 'PIZARRO GUZMAN GABRIEL LUKE', 'INMOBILIARIA VALLE HUAQUEN SPA', 'COMPRAVENTA', 276, 280, 2023, 'Propiedad', NULL, '', '', '', '2025-09-04 22:38:55', '2025-09-04 22:38:55'),
(282, 'LOPEZ LOPEZ VALERIA CAMILA', 'LOPEZ HERRERA PATRICIO ENRIQUE Y OTRA', 'COMPRAVENTA', 277, 281, 2023, 'Propiedad', NULL, '', '', '', '2025-09-04 22:38:55', '2025-09-04 22:38:55'),
(283, 'LEMUS LEYTON HERNAN ORLANDO', 'LEIVA TAUCANO SERGIO DEL TRANSITO', 'REINS. COMPRAVENTA', 278, 282, 2023, 'Propiedad', NULL, '', '', '', '2025-09-04 22:38:55', '2025-09-04 22:38:55'),
(284, 'LEMUS LEYTON HERNAN ORLANDO', 'VERGARA ROJAS PATRICIA PURITA', 'ADJUDICACION', 279, 283, 2023, 'Propiedad', NULL, '', '', '', '2025-09-04 22:38:55', '2025-09-04 22:38:55'),
(285, 'SOC. DE INVERSIONES CHASKAS SPA', 'INVERSIONES SANTA ELIANA SPA', 'COMPRAVENTA', 280, 284, 2023, 'Propiedad', NULL, '', '', '', '2025-09-04 22:38:55', '2025-09-04 22:38:55'),
(286, 'GUZMAN CARO JUAN ENRIQUE', 'MUÑOZ GONZALEZ REMIGIO GUILLERMO', 'CESION DE DERECHOS', 281, 285, 2023, 'Propiedad', NULL, '', '', '', '2025-09-04 22:38:55', '2025-09-04 22:38:55'),
(287, 'ZAMORA RODRIGUEZ GLORIA DEL CARMEN', 'ZAMORA RODRIGUEZ ELIANA DE LAS M. Y OTRA', 'CESION DE DERECHOS', 282, 286, 2023, 'Propiedad', NULL, '', '', '', '2025-09-04 22:38:55', '2025-09-04 22:38:55'),
(288, 'CEPEDA SOTO EDGARD ROBERTO', 'SOC. AGRIC. SAN CARLOS DE CATEMU LIMITADA', 'COMPRAVENTA', 283, 287, 2023, 'Propiedad', NULL, '', '', '', '2025-09-04 22:38:55', '2025-09-04 22:38:55'),
(289, 'GARCDIA VILLEGAS GERMAN EDUARDOQ', 'JAMETT ORTIZ ISAAC ABRAHAM', 'COMPRAVENTA', 284, 288, 2023, 'Propiedad', NULL, '', '', '', '2025-09-04 22:38:55', '2025-09-04 22:38:55');
INSERT INTO `indices` (`id`, `comprador`, `vendedor`, `materia`, `foja`, `numero`, `anio`, `libro`, `comuna`, `descripcion`, `folio`, `vigencia`, `created_at`, `updated_at`) VALUES
(290, 'VELASQUEZ VASQUEZ MARISOL DEL PILAR', 'EYZAGUIRRE FIBLA MARIA ANGELICA', 'COMPRAVENTA', 285, 289, 2023, 'Propiedad', NULL, '', '', '', '2025-09-04 22:38:55', '2025-09-04 22:38:55'),
(291, 'SARAVIA ARACENA LORENA DE LOS ANGELES', 'LEIVA MADARIAGA XIMENA ANDREA', 'COMPRAVENTA', 286, 290, 2023, 'Propiedad', NULL, '', '', '', '2025-09-04 22:38:55', '2025-09-04 22:38:55'),
(292, 'BERNAL TORRES RICARDO GASTON', '', 'FUSION', 287, 291, 2023, 'Propiedad', NULL, '', '', '', '2025-09-04 22:38:55', '2025-09-04 22:38:55'),
(293, 'ABARCA MENESES JOHANNA ELIZABETH', 'INMOBILIARIA INCA LIMITADA', 'REINS. COMPRAVENTA', 288, 292, 2023, 'Propiedad', NULL, '', '', '', '2025-09-04 22:38:55', '2025-09-04 22:38:55'),
(294, 'AGUILERA MORENO CLAUDIO JOAQUIN', 'AGUILERA CHAPA OSCAR ALBERTO FERNANDO', 'REINS. COMPRAVENTA', 289, 293, 2023, 'Propiedad', NULL, '', '', '', '2025-09-04 22:38:55', '2025-09-04 22:38:55'),
(295, 'INVER. JOSE MAURICIO GUAJARDO G. E.I.R.L', 'JOSE MAURICIO GUAJARDO GUTIERREZ', 'APORTE', 290, 294, 2023, 'Propiedad', NULL, '', '', '', '2025-09-04 22:38:55', '2025-09-04 22:38:55'),
(296, 'INMOBILIARIA Y COSTRUCTORA PIMENTEL Spa', 'SOC. COMERCIAL GCP Y CIA LTDA', 'COMPRAVENTA', 291, 295, 2023, 'Propiedad', NULL, '', '', '', '2025-09-04 22:38:55', '2025-09-04 22:38:55'),
(297, 'INMOBILIARIA Y CONSTRUCTORA PIMENTEL Spa', 'SOC. COMERCIAL GCP Y CIA LTDA', 'COMPRAVENTA', 292, 296, 2023, 'Propiedad', NULL, '', '', '', '2025-09-04 22:38:55', '2025-09-04 22:38:55'),
(298, 'JYR SERVICIOS SPA', 'OLIVARES RODRIGUEZ SANDY NICOLE', 'COMPRAVENTA', 293, 297, 2023, 'Propiedad', NULL, '', '', '', '2025-09-04 22:38:55', '2025-09-04 22:38:55'),
(299, 'DEL CANTO SALDIVAR SERGIO MAURICIO', 'GRANDON VARGAS FRANCISCO JOSE Y OTROS', 'REINS. ADJUDICACION', 294, 298, 2023, 'Propiedad', NULL, '', '', '', '2025-09-04 22:38:55', '2025-09-04 22:38:55'),
(300, 'DEL CANTO MOLINA OSCAR MANUEL', '', 'REINS. POSECION EFECTIVA', 295, 299, 2023, 'Propiedad', NULL, '', '', '', '2025-09-04 22:38:55', '2025-09-04 22:38:55'),
(301, 'DEL CANTO MOLINA SOFIA REBECA ESTELA', 'DEL CANTO MOLINA OSCAR MANUEL', 'REINS. HERENCIA', 296, 300, 2023, 'Propiedad', NULL, '', '', '', '2025-09-04 22:38:55', '2025-09-04 22:38:55'),
(302, 'ALCANTARA VELOZ LEOPOLDO LUIS', 'LACANTARA VELOZ MARIA ALEJANDRA ERNESTINA Y OTROS', 'CESION DE DERECHOS', 297, 301, 2023, 'Propiedad', NULL, '', '', '', '2025-09-04 22:38:55', '2025-09-04 22:38:55'),
(303, 'COLQUE URQUIETA CRISTOPHER JEREMY', 'VERGARA JOHNSON JORGE RAMON ANTONIO', 'COMPRAVENTA', 299, 302, 2023, 'Propiedad', NULL, '', '', '', '2025-09-04 22:38:55', '2025-09-04 22:38:55'),
(304, 'PINILLA ARANDA ROSA DEL CARMEN', '', 'REINS. DOMINIO', 299, 303, 2023, 'Propiedad', NULL, '', '', '', '2025-09-04 22:38:55', '2025-09-04 22:38:55'),
(305, 'AGUILERA TORTORA FRANCO GONZALO', 'MANZANO PUGA JUAN UCLILI', 'REINS. COMPRAVENTA', 300, 304, 2023, 'Propiedad', NULL, '', '', '', '2025-09-04 22:38:55', '2025-09-04 22:38:55'),
(306, 'ACEVEDO ESCARATE JOSE JOAQUIN', 'MEDINA GUAL INGRID PAOLA', 'COMPRAVENTA', 301, 305, 2023, 'Propiedad', NULL, '', '', '', '2025-09-04 22:38:55', '2025-09-04 22:38:55'),
(307, 'ITAU CORPBANCA', 'CABRERA VALENZUELA VICTOR DANIEL', 'COMPRAVENTA', 302, 306, 2023, 'Propiedad', NULL, '', '', '', '2025-09-04 22:38:55', '2025-09-04 22:38:55'),
(308, 'MENESES MELANIA DEL CARMEN', '', 'POSECION EFECTIVA', 303, 307, 2023, 'Propiedad', NULL, '', '', '', '2025-09-04 22:38:55', '2025-09-04 22:38:55'),
(309, 'MENESES MELANIA DEL CARMEN', 'ARAYA MENESES MIGUEL ANGEL Y OTROS', 'HERENCIA', 304, 308, 2023, 'Propiedad', NULL, '', '', '', '2025-09-04 22:38:55', '2025-09-04 22:38:55'),
(310, 'VARGAS OYANEDER EUGENIO ALBERTO', 'OLLANEDER CASTILLO ISABEL DEL CARMEN', 'COMPRAVENTA', 305, 309, 2023, 'Propiedad', NULL, '', '', '', '2025-09-04 22:38:55', '2025-09-04 22:38:55'),
(311, 'FERNANDEZ CARRASCO LUIS ALBERTO', 'ABALLAY BRITO LIDIA VICTORIA', 'COMPRAVENTA', 306, 310, 2023, 'Propiedad', NULL, '', '', '', '2025-09-04 22:38:55', '2025-09-04 22:38:55'),
(312, 'VELASQUEZ VELASQUEZ PAMELA ANDREA', 'TAPIA CATALAN DANIELA BEATRIZ', 'CESION DE DERECHOS', 307, 311, 2023, 'Propiedad', NULL, '', '', '', '2025-09-04 22:38:55', '2025-09-04 22:38:55'),
(313, 'HIDALGO PASTEN HECTOR AUGUSTO', 'PASTEN ACEVEDO HECTOR MANUEL', 'CESION DE DERECHOS', 307, 312, 2023, 'Propiedad', NULL, '', '', '', '2025-09-04 22:38:55', '2025-09-04 22:38:55'),
(314, 'INMOBILIARIA INCA LTDA', 'DONOSO BRITO JUAN CARLOS', 'REINS. COMPRAVENTA', 309, 313, 2023, 'Propiedad', NULL, '', '', '', '2025-09-04 22:38:55', '2025-09-04 22:38:55'),
(315, 'VERGARA JOHNSON JORGE RAMON', 'CALISKAN SEZGIN', 'COMPRAVENTA', 310, 314, 2023, 'Propiedad', NULL, '', '', '', '2025-09-04 22:38:55', '2025-09-04 22:38:55'),
(316, '', '', '', 0, 0, 2023, 'Propiedad', NULL, '', '', '', '2025-09-04 22:38:55', '2025-09-04 22:38:55'),
(317, '', '', '', 0, 0, 2023, 'Propiedad', NULL, '', '', '', '2025-09-04 22:38:55', '2025-09-04 22:38:55'),
(318, '', '', '', 0, 0, 2023, 'Propiedad', NULL, '', '', '', '2025-09-04 22:38:55', '2025-09-04 22:38:55'),
(319, '', '', '', 0, 0, 2023, 'Propiedad', NULL, '', '', '', '2025-09-04 22:38:55', '2025-09-04 22:38:55'),
(320, '', '', '', 0, 0, 2023, 'Propiedad', NULL, '', '', '', '2025-09-04 22:38:55', '2025-09-04 22:38:55'),
(321, '', '', '', 0, 0, 2023, 'Propiedad', NULL, '', '', '', '2025-09-04 22:38:55', '2025-09-04 22:38:55'),
(322, '', '', '', 0, 0, 2023, 'Propiedad', NULL, '', '', '', '2025-09-04 22:38:55', '2025-09-04 22:38:55'),
(323, '', '', '', 0, 0, 2023, 'Propiedad', NULL, '', '', '', '2025-09-04 22:38:55', '2025-09-04 22:38:55'),
(324, '', '', '', 0, 0, 2023, 'Propiedad', NULL, '', '', '', '2025-09-04 22:38:55', '2025-09-04 22:38:55'),
(325, '', '', '', 0, 0, 2023, 'Propiedad', NULL, '', '', '', '2025-09-04 22:38:55', '2025-09-04 22:38:55'),
(326, '', '', '', 0, 0, 2023, 'Propiedad', NULL, '', '', '', '2025-09-04 22:38:55', '2025-09-04 22:38:55'),
(327, '', '', '', 0, 0, 2023, 'Propiedad', NULL, '', '', '', '2025-09-04 22:38:55', '2025-09-04 22:38:55'),
(328, '', '', '', 0, 0, 2023, 'Propiedad', NULL, '', '', '', '2025-09-04 22:38:55', '2025-09-04 22:38:55'),
(329, '', '', '', 0, 0, 2023, 'Propiedad', NULL, '', '', '', '2025-09-04 22:38:55', '2025-09-04 22:38:55'),
(330, '', '', '', 0, 0, 2023, 'Propiedad', NULL, '', '', '', '2025-09-04 22:38:55', '2025-09-04 22:38:55'),
(331, '', '', '', 0, 0, 2023, 'Propiedad', NULL, '', '', '', '2025-09-04 22:38:55', '2025-09-04 22:38:55'),
(332, '', '', '', 0, 0, 2023, 'Propiedad', NULL, '', '', '', '2025-09-04 22:38:55', '2025-09-04 22:38:55'),
(333, '', '', '', 0, 0, 2023, 'Propiedad', NULL, '', '', '', '2025-09-04 22:38:55', '2025-09-04 22:38:55'),
(334, '', '', '', 0, 0, 2023, 'Propiedad', NULL, '', '', '', '2025-09-04 22:38:55', '2025-09-04 22:38:55'),
(335, '', '', '', 0, 0, 2023, 'Propiedad', NULL, '', '', '', '2025-09-04 22:38:55', '2025-09-04 22:38:55'),
(336, '', '', '', 0, 0, 2023, 'Propiedad', NULL, '', '', '', '2025-09-04 22:38:55', '2025-09-04 22:38:55'),
(337, '', '', '', 0, 0, 2023, 'Propiedad', NULL, '', '', '', '2025-09-04 22:38:55', '2025-09-04 22:38:55'),
(338, 'AGRICOLA E INMOBILIARIA VICHICULEN S.A.', 'BANCO DEL ESTADO DE CHILE', 'PROH. DE GRAVAR Y OTRAS', 54, 58, 2022, 'Prohibicion Propiedad', NULL, '', '', '', '2025-09-04 22:39:30', '2025-09-04 22:39:30'),
(339, 'AGRICOLA LOS ACACIOS LIMITADA', 'FISCO DE CHILE', 'EMBARGO', 267, 267, 2022, 'Prohibicion Propiedad', NULL, '', '', '', '2025-09-04 22:39:30', '2025-09-04 22:39:30'),
(340, 'AGROINVERSIONES PEREZ VERA SpA', 'FISCO DE CHILE', 'EMBARGO', 234, 242, 2022, 'Prohibicion Propiedad', NULL, '', '', '', '2025-09-04 22:39:30', '2025-09-04 22:39:30'),
(341, 'AGUILAR CORDOVA CRISTIAN ALEJANDRO', 'SOC. AGRICOLA SAN CARLOS DE CATEMU LTDA', 'PROH. DE GRAVAR Y OTRAS', 289, 289, 2022, 'Prohibicion Propiedad', NULL, '', '', '', '2025-09-04 22:39:30', '2025-09-04 22:39:30'),
(342, 'AGUILERA ABALOS ROBINSON ALONSO', 'SCOTIABANK CHILE', 'PROH. DE ENAJENAR Y OTRAS', 87, 95, 2022, 'Prohibicion Propiedad', NULL, '', '', '', '2025-09-04 22:39:30', '2025-09-04 22:39:30'),
(343, 'AGUILERA ARANCIBIA PEDRO ANTONIO', 'BANCO DEL ESTADO DE CHILE', 'PROH. DE ENAJENAR Y OTRAS', 266, 265, 2022, 'Prohibicion Propiedad', NULL, '', '', '', '2025-09-04 22:39:30', '2025-09-04 22:39:30'),
(344, 'AGUILERA BARAHONA VIVIANA CAROLINA', 'SERVIU QUINTA REGION', 'PROH. DE ENAJENAR Y OTRAS', 203, 208, 2022, 'Prohibicion Propiedad', NULL, '', '', '', '2025-09-04 22:39:30', '2025-09-04 22:39:30'),
(345, 'AHUMADA AOLIVARES CAROLINA DEL PILAR', 'BANCO DE CHILE', 'PROH. DE ENAJENAR Y OTRAS', 49, 53, 2022, 'Prohibicion Propiedad', NULL, '', '', '', '2025-09-04 22:39:30', '2025-09-04 22:39:30'),
(346, 'AHUMADA BARAHONA JENIFFER FRANCCESCA', 'COOP. DE AHORRO Y CREDITO COOPEUCH', 'PROH. DE ENAJENAR Y OTRAS', 52, 56, 2022, 'Prohibicion Propiedad', NULL, '', '', '', '2025-09-04 22:39:30', '2025-09-04 22:39:30'),
(347, 'AHUMADA BARAHONA JENIFFER FRANCCESCA', 'SERVIU QUINTA REGION', 'PROH. DE ENAJENAR Y OTRAS', 53, 57, 2022, 'Prohibicion Propiedad', NULL, '', '', '', '2025-09-04 22:39:30', '2025-09-04 22:39:30'),
(348, 'ALBORNOZ VARGAS FRANCISCO JAVIER', '', 'PROHIBICION DE ENAJENAR', 142, 148, 2022, 'Prohibicion Propiedad', NULL, '', '', '', '2025-09-04 22:39:30', '2025-09-04 22:39:30'),
(349, 'ALFARO DONOSO MARIA FERNANDA', 'BANCO SANTANDER CHILE', 'PROH. DE ENAJENAR Y OTRAS', 69, 73, 2022, 'Prohibicion Propiedad', NULL, '', '', '', '2025-09-04 22:39:30', '2025-09-04 22:39:30'),
(350, 'ALFARO DONOSO MARIA FERNANDA', 'SERVIU QUINTA REGION', 'PROH. DE ENAJENAR Y OTRAS', 70, 74, 2022, 'Prohibicion Propiedad', NULL, '', '', '', '2025-09-04 22:39:30', '2025-09-04 22:39:30'),
(351, 'ALIAGA GALVEZ MARCELO ALEJANDRO', 'BANCO FALABELLA', 'PROH. DE ENAJENAR Y OTRAS', 26, 29, 2022, 'Prohibicion Propiedad', NULL, '', '', '', '2025-09-04 22:39:30', '2025-09-04 22:39:30'),
(352, 'ALIAGA GALVEZ MARCELO ALEJANDRO', 'SERVIU QUINTA REGION', 'PROH. DE ENAJENAR Y OTRAS', 27, 30, 2022, 'Prohibicion Propiedad', NULL, '', '', '', '2025-09-04 22:39:30', '2025-09-04 22:39:30'),
(353, 'ALVAREZ CORTES MARIA DELIA', 'BANCO DEL ESTADO DE CHILE', 'REINS. PROHIBICION', 29, 33, 2022, 'Prohibicion Propiedad', NULL, '', '', '', '2025-09-04 22:39:30', '2025-09-04 22:39:30'),
(354, 'ANGUITA MARIQUEO EDSON WLADIMIR', 'SCOTIABANK CHILE', 'PROH. DE ENAJENAR Y OTRAS', 160, 165, 2022, 'Prohibicion Propiedad', NULL, '', '', '', '2025-09-04 22:39:30', '2025-09-04 22:39:30'),
(355, 'ARANCIBIA CORTES DIANNE ESTER', '', 'MEDIDA PRECAUTORIA', 208, 214, 2022, 'Prohibicion Propiedad', NULL, '', '', '', '2025-09-04 22:39:30', '2025-09-04 22:39:30'),
(356, 'ARANCIBIA IBARRA CAROLINA CARMEN', 'SCOTIABANK CHILE', 'PROH. DE ENAJENAR Y OTRAS', 13, 15, 2022, 'Prohibicion Propiedad', NULL, '', '', '', '2025-09-04 22:39:30', '2025-09-04 22:39:30'),
(357, 'ARANCIBIA IBARRA CAROLINA CARMEN', 'SERVIU QUINTA REGION', 'PROH. DE ENAJENAR Y OTRAS', 14, 16, 2022, 'Prohibicion Propiedad', NULL, '', '', '', '2025-09-04 22:39:30', '2025-09-04 22:39:30'),
(358, 'ARAYA ARAYA MAURICIO ARMANDO', 'SERVIU QUINTA REGION', 'PROH. DE ENAJENAR Y OTRAS', 130, 135, 2022, 'Prohibicion Propiedad', NULL, '', '', '', '2025-09-04 22:39:30', '2025-09-04 22:39:30'),
(359, 'AREVALO GONZALEZ MARIA TERESA', 'BANCO DEL ESTADO DE CHILE', 'REINS. PROHIBICION', 252, 251, 2022, 'Prohibicion Propiedad', NULL, '', '', '', '2025-09-04 22:39:30', '2025-09-04 22:39:30'),
(360, 'AREVALO SUAZO SERGIO ANDRES', 'SERVIU QUINTA REGION', 'PROH. DE ENAJENAR Y OTRAS', 206, 212, 2022, 'Prohibicion Propiedad', NULL, '', '', '', '2025-09-04 22:39:30', '2025-09-04 22:39:30'),
(361, 'ARMIJO CESPEDES LUIS EDUARDO', 'PENTA VIDA CIA DE SEGUROS DE VIDA S.A.', 'PROH. DE ENAJENAR Y OTRAS', 194, 201, 2022, 'Prohibicion Propiedad', NULL, '', '', '', '2025-09-04 22:39:30', '2025-09-04 22:39:30'),
(362, 'ARREDONDO ESPINOZA FRANCISCO DEL TRANSITO', 'BANCO DEL ESTADO DE CHILE', 'EMBARGO', 1, 1, 2022, 'Prohibicion Propiedad', NULL, '', '', '', '2025-09-04 22:39:30', '2025-09-04 22:39:30'),
(363, 'ASPEE CODOCEO INGRID SUSANA', 'FISCO DE CHILE', 'EMBARGO', 35, 39, 2022, 'Prohibicion Propiedad', NULL, '', '', '', '2025-09-04 22:39:30', '2025-09-04 22:39:30'),
(364, 'ASTORGA OYANEDER OSCAR', 'SERVIU QUINTA REGION', 'PROH. DE ENAJENAR Y OTRAS', 200, 205, 2022, 'Prohibicion Propiedad', NULL, '', '', '', '2025-09-04 22:39:30', '2025-09-04 22:39:30'),
(365, 'AVALLAY MALDONADO GUSTAVO DE JESUS', 'INSTITUTO DE DESARROLLO AGROPECUARIO', 'REINS. PROHIBICION', 222, 228, 2022, 'Prohibicion Propiedad', NULL, '', '', '', '2025-09-04 22:39:30', '2025-09-04 22:39:30'),
(366, 'AVICOLA GONZALEZ HERMANOS LIMITADA', 'SCOTIABANK CHILE', 'PROH. DE GRAVAR Y OTRAS', 134, 139, 2022, 'Prohibicion Propiedad', NULL, '', '', '', '2025-09-04 22:39:30', '2025-09-04 22:39:30'),
(367, 'AVICOLA GONZALEZ HERMANOS LIMITADA', 'SCOTIABAN CHILE', 'PROH. DE GRAVAR Y OTRAS', 182, 189, 2022, 'Prohibicion Propiedad', NULL, '', '', '', '2025-09-04 22:39:30', '2025-09-04 22:39:30'),
(368, 'BARRAZA AREVALO SANDRA CECILIA', 'MINISTERIO DE BIENES NACIONALES', 'PROH. DE GRAVAR Y ENAJEN.', 3, 3, 2022, 'Prohibicion Propiedad', NULL, '', '', '', '2025-09-04 22:39:30', '2025-09-04 22:39:30'),
(369, 'BARRERA CORTEZ JOSE FRANCISCO', 'BANCO DEL ESTADO DE CHILE', 'PROH. DE ENAJENAR Y OTRAS', 67, 71, 2022, 'Prohibicion Propiedad', NULL, '', '', '', '2025-09-04 22:39:30', '2025-09-04 22:39:30'),
(370, 'BARRERA CORTEZ JOSE FRANCISCO', 'SERVIU QUINTA REGION', 'PROH. DE ENAJENAR Y OTRAS', 68, 72, 2022, 'Prohibicion Propiedad', NULL, '', '', '', '2025-09-04 22:39:30', '2025-09-04 22:39:30'),
(371, 'BEIZA PEREZ MAFALDA ROSA', 'SERVIU QUINTA REGION', 'PROH. DE GRAVAR Y OTRAS', 294, 295, 2022, 'Prohibicion Propiedad', NULL, '', '', '', '2025-09-04 22:39:30', '2025-09-04 22:39:30'),
(372, 'BRAVO VASQUEZ LUIS ARMANDO', 'CORPBANCA S.A.', 'REINS. EMBARGO', 225, 231, 2022, 'Prohibicion Propiedad', NULL, '', '', '', '2025-09-04 22:39:30', '2025-09-04 22:39:30'),
(373, 'BUGUEÑO BUGUEÑO REINAL DEL TRANSITO', 'SERVIU QUINTA REGION', 'REINS. PROHIBICION', 210, 217, 2022, 'Prohibicion Propiedad', NULL, '', '', '', '2025-09-04 22:39:30', '2025-09-04 22:39:30'),
(374, 'BUSTAMANTE TAPIA PAOLA CAROLINA', 'BANCO SANTANDER CHILE', 'PROH. DE ENAJENAR Y OTRAS', 129, 134, 2022, 'Prohibicion Propiedad', NULL, '', '', '', '2025-09-04 22:39:30', '2025-09-04 22:39:30'),
(375, 'CABRERA HERNANDEZ GEMA DE LOURDES', 'COOP. DE AHORRO Y CREDITO COOPEUCH', 'PROH. DE ENAJENAR Y OTRAS', 272, 273, 2022, 'Prohibicion Propiedad', NULL, '', '', '', '2025-09-04 22:39:30', '2025-09-04 22:39:30'),
(376, 'CACERES PEREZ PABLO CESAR', 'PENTA VIDA CIA DE SEGUROS DE VIDA S.A.', 'PROH. DE ENAJENAR Y OTRAS', 177, 185, 2022, 'Prohibicion Propiedad', NULL, '', '', '', '2025-09-04 22:39:30', '2025-09-04 22:39:30'),
(377, 'CACERES PEREZ PABLO CESAR', 'SERVIU QUINTA REGION', 'PROH. DE ENAJENAR Y OTRAS', 179, 186, 2022, 'Prohibicion Propiedad', NULL, '', '', '', '2025-09-04 22:39:30', '2025-09-04 22:39:30'),
(378, 'CALDERON AREVALO YAROSKA BELEN', 'BANCO FALABELLA', 'PROH. DE ENAJENAR Y OTRAS', 32, 36, 2022, 'Prohibicion Propiedad', NULL, '', '', '', '2025-09-04 22:39:30', '2025-09-04 22:39:30'),
(379, 'CALDERON AREVALO YAROSKA BELEN', 'SERVIU QUINTA REGION', 'PROH. DE ENAJENAR Y OTRAS', 33, 37, 2022, 'Prohibicion Propiedad', NULL, '', '', '', '2025-09-04 22:39:30', '2025-09-04 22:39:30'),
(380, 'CALDERON GONZALEZ GRACIELA DEL CARMEN', 'INSTITUTO DE DESARROLLO AGROPECUARIO', 'PROH. DE ENAJENAR Y OTRAS', 161, 166, 2022, 'Prohibicion Propiedad', NULL, '', '', '', '2025-09-04 22:39:30', '2025-09-04 22:39:30'),
(381, 'CALDERON LEIVA PAULINA ESTRELLA', 'MINISTERIO DE BIENES NACIONALES', 'PROH. DE GRAVAR Y OTRA', 293, 294, 2022, 'Prohibicion Propiedad', NULL, '', '', '', '2025-09-04 22:39:30', '2025-09-04 22:39:30'),
(382, 'CAMPOS LARTIGO TERESILDA DEL ROSARIO', 'SERVIU QUINTA REGION', 'PROH. DE ENAJENAR Y OTRAS', 223, 229, 2022, 'Prohibicion Propiedad', NULL, '', '', '', '2025-09-04 22:39:30', '2025-09-04 22:39:30'),
(383, 'CANALES CORDERO FRESIA MARILUZ', 'LOPEZ ABALOS PAULINO', 'PROMESA DE COMPRAVENTA', 285, 285, 2022, 'Prohibicion Propiedad', NULL, '', '', '', '2025-09-04 22:39:30', '2025-09-04 22:39:30'),
(384, 'CANALES CORDERO GUILLERMO LUIS', 'DESARROLLO Y GESTION INMOB. ITALMAR SpA', 'PROMESA DE COMPRAVENTA', 212, 219, 2022, 'Prohibicion Propiedad', NULL, '', '', '', '2025-09-04 22:39:30', '2025-09-04 22:39:30'),
(385, 'CANALES MUÑOZ DANIELA KARLA ALEJANDRA', 'COOP. DE AHORRO Y CREDITO COOPEUCH', 'PROH. DE ENAJENAR Y OTRAS', 258, 257, 2022, 'Prohibicion Propiedad', NULL, '', '', '', '2025-09-04 22:39:30', '2025-09-04 22:39:30'),
(386, 'CARRASCO BERROETA WILSON HERNAN', 'SERVIU QUINTA REGION', 'PROH. DE ENAJENAR Y OTRAS', 166, 172, 2022, 'Prohibicion Propiedad', NULL, '', '', '', '2025-09-04 22:39:30', '2025-09-04 22:39:30'),
(387, 'CARROZA MENA LUIS ESTEBAN', 'FISCO DE CHILE', 'EMBARGO', 231, 238, 2022, 'Prohibicion Propiedad', NULL, '', '', '', '2025-09-04 22:39:30', '2025-09-04 22:39:30'),
(388, 'CARROZA MENESES MAXIMILIANO ALEXANDER', 'BANCO SANTANDER CHILE', 'PROH. DE ENAJENAR Y OTRA', 275, 276, 2022, 'Prohibicion Propiedad', NULL, '', '', '', '2025-09-04 22:39:30', '2025-09-04 22:39:30'),
(389, 'CARVAJAL CATALAN DIEGO IGNACIO', 'BICE HIP. ADM. DE MUTUOS HIPOTECARIOS S.A.', 'PROH. DE ENAJENAR Y OTRAS', 255, 254, 2022, 'Prohibicion Propiedad', NULL, '', '', '', '2025-09-04 22:39:30', '2025-09-04 22:39:30'),
(390, 'CASTILLO CARRASCO SELENE ANDREA', 'SERVIU QUINTA REGION', 'PROHIBICION DE ENAJENAR', 84, 91, 2022, 'Prohibicion Propiedad', NULL, '', '', '', '2025-09-04 22:39:30', '2025-09-04 22:39:30'),
(391, 'CASTILLO CARRASCO SELENE ANDREA', 'SERVIU QUINTA REGION', 'PROH. DE GRAVAR Y OTRAS', 85, 92, 2022, 'Prohibicion Propiedad', NULL, '', '', '', '2025-09-04 22:39:30', '2025-09-04 22:39:30'),
(392, 'CASTRO AREVALO MARIBEL CARMEN', 'SERVIU QUINTA REGION', 'PROH. DE GRAVAR Y OTRAS', 264, 263, 2022, 'Prohibicion Propiedad', NULL, '', '', '', '2025-09-04 22:39:30', '2025-09-04 22:39:30'),
(393, 'CASTRO HORMAZABAL FRANCISCA DANIELA', 'BANCO DEL ESTADO DE CHILE', 'PROH. DE ENAJENAR Y OTRAS', 193, 199, 2022, 'Prohibicion Propiedad', NULL, '', '', '', '2025-09-04 22:39:30', '2025-09-04 22:39:30'),
(394, 'CASTRO HORMAZABAL FRANCISCA DANIELA', 'SERVIU QUINTA REGION', 'PROH. DE ENAJENAR Y OTRAS', 194, 200, 2022, 'Prohibicion Propiedad', NULL, '', '', '', '2025-09-04 22:39:30', '2025-09-04 22:39:30'),
(395, 'CEBALLOS PEREZ MATIAS ANTONIO', 'ITAU CORPBANCA', 'PROH. DE ENAJENAR Y OTRAS', 270, 271, 2022, 'Prohibicion Propiedad', NULL, '', '', '', '2025-09-04 22:39:30', '2025-09-04 22:39:30'),
(396, 'CHACON MUÑOZ CRISTIAN RODRIGO', 'BANCO FALABELLA', 'PROH. DE ENAJENAR Y OTRAS', 44, 48, 2022, 'Prohibicion Propiedad', NULL, '', '', '', '2025-09-04 22:39:30', '2025-09-04 22:39:30'),
(397, 'CHACON MUÑOZ CRISTIAN RODRIGO', 'SERVIU QUINTA REGION', 'PROH. DE ENAJENAR Y OTRAS', 45, 49, 2022, 'Prohibicion Propiedad', NULL, '', '', '', '2025-09-04 22:39:30', '2025-09-04 22:39:30'),
(398, 'CID ZAMBRANO MARIA JOSE', 'PENTA VIDA CIA DE SEGUROS DE VIDA S.A.', 'PROH. DE ENAJENAR Y OTRAS', 122, 127, 2022, 'Prohibicion Propiedad', NULL, '', '', '', '2025-09-04 22:39:30', '2025-09-04 22:39:30'),
(399, 'CID ZAMBRANO MARIA JOSE', 'SERVIU QUINTA REGION', 'PROH. DE ENAJENAR Y OTRAS', 123, 128, 2022, 'Prohibicion Propiedad', NULL, '', '', '', '2025-09-04 22:39:30', '2025-09-04 22:39:30'),
(400, 'CIFUENTES SALGADO OSCAR DANIEL', 'DIREC. DE BIENESTAR DE CARABINEROS DE CHILE', 'PROH. DE GRAVAR Y OTRA', 290, 290, 2022, 'Prohibicion Propiedad', NULL, '', '', '', '2025-09-04 22:39:30', '2025-09-04 22:39:30'),
(401, 'CIFUENTES TAPIA RICARDO ESTEBAN', 'SCOTIABANK CHILE', 'PROH. DE ENAJENAR Y OTRAS', 28, 31, 2022, 'Prohibicion Propiedad', NULL, '', '', '', '2025-09-04 22:39:30', '2025-09-04 22:39:30'),
(402, 'CIFUENTES TAPIA RICARDO ESTEBAN', 'SERVIU QUINTA REGION', 'PROH. DE ENAJENAR Y OTRAS', 29, 32, 2022, 'Prohibicion Propiedad', NULL, '', '', '', '2025-09-04 22:39:30', '2025-09-04 22:39:30'),
(403, 'CISTERNAS CARTAGENA JUAN DE DIOS', 'BANCO DEL ESTADO DE CHILE', 'REINS. PROHIBICION', 264, 264, 2022, 'Prohibicion Propiedad', NULL, '', '', '', '2025-09-04 22:39:30', '2025-09-04 22:39:30'),
(404, 'CLUB DEPORTIVO EL CARMELO', 'INST. NACIONAL DE DEPORTES DE CHILE-CHIDEPORT', 'REINS. PROHIBICION', 109, 118, 2022, 'Prohibicion Propiedad', NULL, '', '', '', '2025-09-04 22:39:30', '2025-09-04 22:39:30'),
(405, 'CLUB DEPORTIVO LA ESTANCILLA', 'MINISTERIO DE BIENES NACIONALES', 'PROH. DE GRAVAR Y OTRAS', 86, 94, 2022, 'Prohibicion Propiedad', NULL, '', '', '', '2025-09-04 22:39:30', '2025-09-04 22:39:30'),
(406, 'COMERCIAL MOLIAGRO SpA', 'SOCIEDAD DE TRANSPORTES MARIANA E HIJOS LTDA', 'PROH. DE ENAJENAR Y OTRAS', 152, 160, 2022, 'Prohibicion Propiedad', NULL, '', '', '', '2025-09-04 22:39:30', '2025-09-04 22:39:30'),
(407, 'COMERCIAL MOLIAGRO SpA', 'SOCIEDAD DE TRANSPORTES MARIANA E HIJOS LTDA', 'PROH. DE ENAJENAR Y OTRAS', 153, 161, 2022, 'Prohibicion Propiedad', NULL, '', '', '', '2025-09-04 22:39:30', '2025-09-04 22:39:30'),
(408, 'COMERCIAL SENAK SpA', 'BANCO DE CREDITO E INVERSIONES', 'PROH. DE ENAJENAR Y OTRAS', 257, 256, 2022, 'Prohibicion Propiedad', NULL, '', '', '', '2025-09-04 22:39:30', '2025-09-04 22:39:30'),
(409, 'COMERCIALIZADORA Y CONSTRUCTORA PIMENTEL SpA', 'BANCO SANTANDER CHILE', 'PROH. DE ENAJENAR Y OTRAS', 30, 34, 2022, 'Prohibicion Propiedad', NULL, '', '', '', '2025-09-04 22:39:30', '2025-09-04 22:39:30'),
(410, 'CONCHA BARRAZA CHRISTIAN ALEJANDRO', 'BANCO DEL ESTADO DE CHILE', 'PROH. DE ENAJENAR Y OTRAS', 260, 259, 2022, 'Prohibicion Propiedad', NULL, '', '', '', '2025-09-04 22:39:30', '2025-09-04 22:39:30'),
(411, 'CONTADOR ALVAREZ RAQUEL ANDREA', 'SERVIU QUINTA REGION', 'PROH. DE ENAJENAR Y OTRAS', 202, 207, 2022, 'Prohibicion Propiedad', NULL, '', '', '', '2025-09-04 22:39:30', '2025-09-04 22:39:30'),
(412, 'CORNEJO MARIN MIRLA THAMAR', 'SERVIU QUINTA REGION', 'PROH. DE ENAJENAR Y OTRAS', 168, 175, 2022, 'Prohibicion Propiedad', NULL, '', '', '', '2025-09-04 22:39:30', '2025-09-04 22:39:30'),
(413, 'CORTES BENITEZ GONZALO ANDRES', 'SERVIU QUINTA REGION', 'PROH. DE ENAJENAR Y OTRAS', 204, 209, 2022, 'Prohibicion Propiedad', NULL, '', '', '', '2025-09-04 22:39:30', '2025-09-04 22:39:30'),
(414, 'DE BERNARDI BENITO', 'FISCO DE CHILE', 'EMBARGO', 266, 266, 2022, 'Prohibicion Propiedad', NULL, '', '', '', '2025-09-04 22:39:30', '2025-09-04 22:39:30'),
(415, 'DIAZ BURDILES ANGELINA ANDREA', 'SERVIU QUINTA REGION', 'PROH. DE ENAJENAR Y OTRAS', 230, 237, 2022, 'Prohibicion Propiedad', NULL, '', '', '', '2025-09-04 22:39:30', '2025-09-04 22:39:30'),
(416, 'DIAZ DIAZ JUAN DE DIOS', '', 'INTERDICCION', 185, 192, 2022, 'Prohibicion Propiedad', NULL, '', '', '', '2025-09-04 22:39:30', '2025-09-04 22:39:30'),
(417, 'DIAZ GONZALEZ ENZO ANTONIO', 'BANCO DEL ESTADO DE CHILE', 'PROH. DE ENAJENAR Y OTRAS', 96, 104, 2022, 'Prohibicion Propiedad', NULL, '', '', '', '2025-09-04 22:39:30', '2025-09-04 22:39:30'),
(418, 'DIAZ GONZALEZ ENZO ANTONIO', 'SERVIU QUINTA REGION', 'PROH. DE ENAJENAR Y OTRAS', 97, 105, 2022, 'Prohibicion Propiedad', NULL, '', '', '', '2025-09-04 22:39:30', '2025-09-04 22:39:30'),
(419, 'DIAZ SOTO ROBERTO SALVADOR', 'BANCO DEL ESTADO DE CHILE', 'PROH. DE ENAJENAR Y OTRAS', 93, 101, 2022, 'Prohibicion Propiedad', NULL, '', '', '', '2025-09-04 22:39:30', '2025-09-04 22:39:30'),
(420, 'DONOSO DONOSO JUAN EMILIO', 'SERVIU QUINTA REGION', 'PROH. DE GRAVAR Y OTRA', 174, 181, 2022, 'Prohibicion Propiedad', NULL, '', '', '', '2025-09-04 22:39:30', '2025-09-04 22:39:30'),
(421, 'DORCELY ALAIN', 'BANCO DEL ESTADO DE CHILE', 'PROH. DE ENAJENAR Y OTRAS', 209, 215, 2022, 'Prohibicion Propiedad', NULL, '', '', '', '2025-09-04 22:39:30', '2025-09-04 22:39:30'),
(422, 'DURAN AREVALO ANA MARIA', 'SERVIU QUINTA REGION', 'REINS. PROHIBICION', 229, 236, 2022, 'Prohibicion Propiedad', NULL, '', '', '', '2025-09-04 22:39:30', '2025-09-04 22:39:30'),
(423, 'DURAN SAAVEDRA RICARDO DAMIAN', 'SCOTIABANK CHILE', 'EMBARGO', 151, 159, 2022, 'Prohibicion Propiedad', NULL, '', '', '', '2025-09-04 22:39:30', '2025-09-04 22:39:30'),
(424, 'ELGUETA QUEZADA ELBA DEL CARMEN', 'CANALES GUEVARA OCTAVIO', 'REINS. EMBARGO', 5, 6, 2022, 'Prohibicion Propiedad', NULL, '', '', '', '2025-09-04 22:39:30', '2025-09-04 22:39:30'),
(425, 'ELGUETA QUEZADA ELBA DEL CARMEN', 'LUCERO CHAPARRO MARIO', 'REINS. EMBARGO', 6, 7, 2022, 'Prohibicion Propiedad', NULL, '', '', '', '2025-09-04 22:39:30', '2025-09-04 22:39:30'),
(426, 'ELGUETA QUEZADA ELBA DEL CARMEN', 'FISCO DE CHILE', 'REINS. EMBARGO', 7, 8, 2022, 'Prohibicion Propiedad', NULL, '', '', '', '2025-09-04 22:39:30', '2025-09-04 22:39:30'),
(427, 'ELGUETA QUEZADA ELBA DEL CARMEN', 'FISCO DE CHILE', 'REINS. EMBARGO', 8, 9, 2022, 'Prohibicion Propiedad', NULL, '', '', '', '2025-09-04 22:39:30', '2025-09-04 22:39:30'),
(428, 'ELGUETA QUEZADA ELBA DEL CARMEN', 'FISCO DE CHILE', 'REINS. EMBARGO', 9, 10, 2022, 'Prohibicion Propiedad', NULL, '', '', '', '2025-09-04 22:39:30', '2025-09-04 22:39:30'),
(429, 'ELGUETA QUEZADA ELBA DEL CARMEN', 'FISCO DE CHILE', 'REINS. EMBARGO', 9, 11, 2022, 'Prohibicion Propiedad', NULL, '', '', '', '2025-09-04 22:39:30', '2025-09-04 22:39:30'),
(430, 'ELGUETA QUEZADA ELBA DEL CARMEN', 'FISCO DE CHILE', 'REINS. EMBARGO', 10, 12, 2022, 'Prohibicion Propiedad', NULL, '', '', '', '2025-09-04 22:39:30', '2025-09-04 22:39:30'),
(431, 'ESPINOZA ESCUDERO CARLOS ADOLFO', 'BANCO DEL ESTADO DE CHILE', 'REINS. PROHIBICION', 133, 138, 2022, 'Prohibicion Propiedad', NULL, '', '', '', '2025-09-04 22:39:30', '2025-09-04 22:39:30'),
(432, 'ESPINOZA PINCHEIRA JUAN ESTEBAN', 'BANCO DEL ESTADO DE CHILE', 'PROH. DE ENAJENAR Y OTRAS', 263, 262, 2022, 'Prohibicion Propiedad', NULL, '', '', '', '2025-09-04 22:39:30', '2025-09-04 22:39:30'),
(433, 'EXPORTADORA AGRICOLA GONZALEZ PACHECO SpA', 'SCOTIABANK CHILE', 'PROH. DE ENAJENAR Y OTRAS', 20, 23, 2022, 'Prohibicion Propiedad', NULL, '', '', '', '2025-09-04 22:39:30', '2025-09-04 22:39:30'),
(434, 'EXPORTADORA AGRICOLA GONZALEZ PACHECO SpA', 'SCOTIABANK CHILE', 'PROH. DE ENAJENAR Y OTRAS', 21, 24, 2022, 'Prohibicion Propiedad', NULL, '', '', '', '2025-09-04 22:39:30', '2025-09-04 22:39:30'),
(435, 'EXPORTADORA AGRICOLA GONZALEZ PACHECO SpA', 'SCOTIABANK CHILE', 'PROH. DE ENAJENAR Y OTRAS', 22, 25, 2022, 'Prohibicion Propiedad', NULL, '', '', '', '2025-09-04 22:39:30', '2025-09-04 22:39:30'),
(436, 'FERNANDEZ LEIVA SILVA GIOCONDA', '', 'INTERDICCION', 197, 204, 2022, 'Prohibicion Propiedad', NULL, '', '', '', '2025-09-04 22:39:30', '2025-09-04 22:39:30'),
(437, 'FERREIRA DE LA HOZ JOSE LUIS', 'BANCO DEL ESTADO DE CHILE', 'PROH. DE ENAJENAR Y OTRAS', 72, 77, 2022, 'Prohibicion Propiedad', NULL, '', '', '', '2025-09-04 22:39:30', '2025-09-04 22:39:30'),
(438, 'FIGUEROA CACERES MILENY FRANCESCA', 'BANCO DE CHILE', 'PROH. DE ENAJENAR Y OTRAS', 47, 51, 2022, 'Prohibicion Propiedad', NULL, '', '', '', '2025-09-04 22:39:30', '2025-09-04 22:39:30'),
(439, 'FIGUEROA CORTES DANAY PILAR', 'PENTA VIDA CIA DE SEGUROS DE VIDA S.A.', 'PROH. DE ENAJENAR Y OTRAS', 89, 97, 2022, 'Prohibicion Propiedad', NULL, '', '', '', '2025-09-04 22:39:30', '2025-09-04 22:39:30'),
(440, 'FIGUEROA CORTES DANAY PILAR', 'SERVIU QUINTA REGION', 'PROH. DE ENAJENAR Y OTRAS', 90, 98, 2022, 'Prohibicion Propiedad', NULL, '', '', '', '2025-09-04 22:39:30', '2025-09-04 22:39:30'),
(441, 'FIGUEROA CORTES JEANNETTE CAROLINA', 'PENTA VIDA CIA DE SEGUROS DE VIDA S.A.', 'PROH. DE ENAJENAR Y OTRAS', 180, 187, 2022, 'Prohibicion Propiedad', NULL, '', '', '', '2025-09-04 22:39:30', '2025-09-04 22:39:30'),
(442, 'FIGUEROA CORTES JEANNETTE CAROLINA', 'SERVIU QUINTA REGION', 'PROH. DE ENAJENAR Y OTRAS', 181, 188, 2022, 'Prohibicion Propiedad', NULL, '', '', '', '2025-09-04 22:39:30', '2025-09-04 22:39:30'),
(443, 'FIGUEROA DE LARTUNDO ELENA DEL CARMEN', 'SERVICIOS FINANCIEROS SUMAR SpA', 'PROH. DE ENAJENAR Y OTRAS', 232, 240, 2022, 'Prohibicion Propiedad', NULL, '', '', '', '2025-09-04 22:39:30', '2025-09-04 22:39:30'),
(444, 'FIGUEROA DIAZ HECTOR PATRICIO', 'PENTA VIDA CIA DE SEGUROS DE VIDA S.A.', 'PROH. DE ENAJENAR Y OTRAS', 99, 107, 2022, 'Prohibicion Propiedad', NULL, '', '', '', '2025-09-04 22:39:30', '2025-09-04 22:39:30'),
(445, 'FIGUEROA DIAZ HECTOR PATRICIO', 'SERVIU QUINTA REGION', 'PROH. DE ENAJENAR Y OTRAS', 100, 108, 2022, 'Prohibicion Propiedad', NULL, '', '', '', '2025-09-04 22:39:30', '2025-09-04 22:39:30'),
(446, 'FLORES ASTORGA CLOTILDE PRISCILA', 'BANCO DEL ESTADO DE CHILE', 'PROH. DE ENAJENAR Y OTRAS', 80, 86, 2022, 'Prohibicion Propiedad', NULL, '', '', '', '2025-09-04 22:39:30', '2025-09-04 22:39:30'),
(447, 'FLORES OLIVARES FLORENTINA INES', 'SERVIU QUINTA REGION', 'PROH. DE ENAJENAR Y OTRA', 174, 182, 2022, 'Prohibicion Propiedad', NULL, '', '', '', '2025-09-04 22:39:30', '2025-09-04 22:39:30'),
(448, 'FUENZALIDA GAMBOA ELIZABETH ANA', 'SERVIU QUINTA REGION', 'PROH. DE GRAVAR Y OTRA', 188, 193, 2022, 'Prohibicion Propiedad', NULL, '', '', '', '2025-09-04 22:39:30', '2025-09-04 22:39:30'),
(449, 'FUENZALIDA GAMBOA ELIZABETH ANA', 'SERVIU QUINTA REGION', 'PROH. DE CELEBRAR ACTOS', 189, 194, 2022, 'Prohibicion Propiedad', NULL, '', '', '', '2025-09-04 22:39:30', '2025-09-04 22:39:30'),
(450, 'FUNDO CATEMU S.A.', 'EXPORTADORA PROPAL S.A.', 'PROH. DE ENAJENAR Y OTRAS', 249, 249, 2022, 'Prohibicion Propiedad', NULL, '', '', '', '2025-09-04 22:39:30', '2025-09-04 22:39:30'),
(451, 'GAJARDO CARRASCO CRISTIAN ABRAHAM', 'SERVIU QUINTA REGION', 'REINS. PROHIBICION', 277, 279, 2022, 'Prohibicion Propiedad', NULL, '', '', '', '2025-09-04 22:39:30', '2025-09-04 22:39:30'),
(452, 'GAJARDO CORTES ALICIA DEL CARMEN', 'BANCO DEL ESTADO DE CHILE', 'PROH. DE ENAJENAR Y OTRAS', 138, 144, 2022, 'Prohibicion Propiedad', NULL, '', '', '', '2025-09-04 22:39:30', '2025-09-04 22:39:30'),
(453, 'GAJARDO CORTES ALICIA DEL CARMEN', 'SERVIU QUINTA REGION', 'PROH. DE ENAJENAR Y OTRAS', 139, 145, 2022, 'Prohibicion Propiedad', NULL, '', '', '', '2025-09-04 22:39:30', '2025-09-04 22:39:30'),
(454, 'GALLARDO VEAS ALEXANDRA FRANCISCA', 'SERVIU QUINTA REGION', 'PROH. DE ENAJENAR Y OTRAS', 165, 171, 2022, 'Prohibicion Propiedad', NULL, '', '', '', '2025-09-04 22:39:30', '2025-09-04 22:39:30'),
(455, 'GARAY GOMEZ OSVALDO SERGIO', '', 'INTERDICCION', 54, 59, 2022, 'Prohibicion Propiedad', NULL, '', '', '', '2025-09-04 22:39:30', '2025-09-04 22:39:30'),
(456, 'GARCIA BANDA JORGE ANDRES', 'BANCO DE CHILE', 'PROH. DE ENAJENAR Y OTRAS', 23, 26, 2022, 'Prohibicion Propiedad', NULL, '', '', '', '2025-09-04 22:39:30', '2025-09-04 22:39:30'),
(457, 'GONZALEZ ASTORGA MARISOL DEL ROSARIO', '', 'PROHIBICION DE ENAJENAR', 61, 64, 2022, 'Prohibicion Propiedad', NULL, '', '', '', '2025-09-04 22:39:30', '2025-09-04 22:39:30'),
(458, 'GONZALEZ ASTORGA OSVALDO LEANDRO', '', 'PROHIBICION DE ENAJENAR', 62, 65, 2022, 'Prohibicion Propiedad', NULL, '', '', '', '2025-09-04 22:39:30', '2025-09-04 22:39:30'),
(459, 'GONZALEZ MARTINEZ RODOLFO FELIPE', 'PENTA VIDA CIA DE SEGUROS DE VIDA S.A.', 'PROH. DE ENAJENAR Y OTRAS', 124, 129, 2022, 'Prohibicion Propiedad', NULL, '', '', '', '2025-09-04 22:39:30', '2025-09-04 22:39:30'),
(460, 'GONZALEZ MARTINEZ RODOLFO FELIPE', 'SERVIU QUINTA REGION', 'PROH. DE ENAJENAR Y OTRAS', 125, 130, 2022, 'Prohibicion Propiedad', NULL, '', '', '', '2025-09-04 22:39:30', '2025-09-04 22:39:30'),
(461, 'GONZALEZ RODRIGUEZ RICARDO IVAN', 'SERVIU QUINTA REGION', 'PROH. DE ENAJENAR Y OTRAS', 246, 245, 2022, 'Prohibicion Propiedad', NULL, '', '', '', '2025-09-04 22:39:30', '2025-09-04 22:39:30'),
(462, 'GONZALEZ SANCHEZ SERGIO ALEJANDRO', 'BANCO SANTANDER CHILE', 'PROH. DE ENAJENAR Y OTRAS', 65, 69, 2022, 'Prohibicion Propiedad', NULL, '', '', '', '2025-09-04 22:39:30', '2025-09-04 22:39:30'),
(463, 'GONZALEZ SANCHEZ SERGIO ALEJANDRO', 'SERVIU QUINTA REGION', 'PROH. DE ENAJENAR Y OTRAS', 66, 70, 2022, 'Prohibicion Propiedad', NULL, '', '', '', '2025-09-04 22:39:30', '2025-09-04 22:39:30'),
(464, 'GUAJARDO REINAGA KAREN VANESSA', 'BANCO SANTANDER CHILE', 'EMBARGO', 275, 277, 2022, 'Prohibicion Propiedad', NULL, '', '', '', '2025-09-04 22:39:30', '2025-09-04 22:39:30'),
(465, 'GUERRA REINA MARCELO ALFREDO', 'BANCO DEL ESTADO DE CHILE', 'PROH. DE ENAJENAR Y OTRAS', 120, 125, 2022, 'Prohibicion Propiedad', NULL, '', '', '', '2025-09-04 22:39:30', '2025-09-04 22:39:30'),
(466, 'GUERRA REINA MARCELO ALFREDO', 'SERVIU QUINTA REGION', 'PROH. DE ENAJENAR Y OTRAS', 121, 126, 2022, 'Prohibicion Propiedad', NULL, '', '', '', '2025-09-04 22:39:30', '2025-09-04 22:39:30'),
(467, 'GUZMAN VARGAS SUSANA DE LAS MERCEDES', '', 'PROHIBICION DE ENAJENAR', 297, 299, 2022, 'Prohibicion Propiedad', NULL, '', '', '', '2025-09-04 22:39:30', '2025-09-04 22:39:30'),
(468, 'HERMOSILLA VARAS MARIA SOLEDAD', 'BANCO DEL ESTADO DE CHILE', 'EMBARGO', 273, 274, 2022, 'Prohibicion Propiedad', NULL, '', '', '', '2025-09-04 22:39:30', '2025-09-04 22:39:30'),
(469, 'HERNANDEZ PIZARRO MARIO ALBERTO', 'BANCO DEL ESTADO DE CHILE', 'PROH. DE ENAJENAR Y OTRAS', 73, 78, 2022, 'Prohibicion Propiedad', NULL, '', '', '', '2025-09-04 22:39:30', '2025-09-04 22:39:30'),
(470, 'HERRERA CRUZ ALEJANDRA SOLEDAD', 'SERVIU QUINTA REGION', 'PROH. DE GRAVAR Y OTRAS', 278, 280, 2022, 'Prohibicion Propiedad', NULL, '', '', '', '2025-09-04 22:39:30', '2025-09-04 22:39:30'),
(471, 'HERRERA SAAVEDRA RICARDO ANDRES', 'SERVIU QUINTA REGION', 'PROH. DE ENAJENAR Y OTRA', 175, 183, 2022, 'Prohibicion Propiedad', NULL, '', '', '', '2025-09-04 22:39:30', '2025-09-04 22:39:30'),
(472, 'HIPOTECARIA LA CONSTRUCCION LEASING S.A.', 'DIEUBON LOUIS JEUNE', 'PROMESA DE COMPRAVENTA', 62, 66, 2022, 'Prohibicion Propiedad', NULL, '', '', '', '2025-09-04 22:39:30', '2025-09-04 22:39:30'),
(473, 'HIPOTECARIA LA CONSTRUCCION LEASING S.A.', 'CADIN VIDAL FRANCISCO JAVIER', 'PROMESA DE COMPRAVENTA', 221, 227, 2022, 'Prohibicion Propiedad', NULL, '', '', '', '2025-09-04 22:39:30', '2025-09-04 22:39:30'),
(474, 'HIPOTECARIA LA CONSTRUCCION LEASING S.A.', 'LEIVA BAEZ MARIA JOSE', 'PROMESA DE COMPRAVENTA', 261, 260, 2022, 'Prohibicion Propiedad', NULL, '', '', '', '2025-09-04 22:39:30', '2025-09-04 22:39:30'),
(475, 'HIPOTECARIA LA CONSTRUCCION LEASING S.A.', 'YAÑEZ VALENZUELA MANUEL ELIAS', 'PROMESA DE COMPRAVENTA', 287, 287, 2022, 'Prohibicion Propiedad', NULL, '', '', '', '2025-09-04 22:39:30', '2025-09-04 22:39:30'),
(476, 'INMOBILIARIA Y CONSTRUCTORA PIMENTEL SpA', 'BANCO SANTANDER CHILE', 'PROH. DE ENAJENAR Y OTRAS', 31, 35, 2022, 'Prohibicion Propiedad', NULL, '', '', '', '2025-09-04 22:39:30', '2025-09-04 22:39:30'),
(477, 'INMOBILIARIA Y CONSTRUCTORA PIMENTEL SpA', 'AGÜERO VERGARA HERNAN TOBIAS', 'PROH. DE ENAJENAR Y OTRAS', 228, 235, 2022, 'Prohibicion Propiedad', NULL, '', '', '', '2025-09-04 22:39:30', '2025-09-04 22:39:30'),
(478, 'JIMENEZ CONTRERAS LIDIA CARMEN', 'SERVIU QUINTA REGION', 'PROH. DE ENAJENAR Y OTRAS', 167, 173, 2022, 'Prohibicion Propiedad', NULL, '', '', '', '2025-09-04 22:39:30', '2025-09-04 22:39:30'),
(479, 'LAMAS CARRASCO TERESA CRISTELLA', '', 'INTERDICCION', 216, 223, 2022, 'Prohibicion Propiedad', NULL, '', '', '', '2025-09-04 22:39:30', '2025-09-04 22:39:30'),
(480, 'LAZCANO FUENTES MARIANA CLARA', '', 'MEDIDA PRECAUTORIA', 159, 164, 2022, 'Prohibicion Propiedad', NULL, '', '', '', '2025-09-04 22:39:30', '2025-09-04 22:39:30'),
(481, 'LAZEN GALLARDO LEYLA MURIEL', 'SERVIU QUINTA REGION', 'PROH. DE ENAJENAR Y OTRAS', 162, 168, 2022, 'Prohibicion Propiedad', NULL, '', '', '', '2025-09-04 22:39:30', '2025-09-04 22:39:30'),
(482, 'LEIVA LEIVA HECTOR EMILIO', 'BANCO DEL ESTADO DE CHILE', 'PROH. DE ENAJENAR Y OTRAS', 280, 282, 2022, 'Prohibicion Propiedad', NULL, '', '', '', '2025-09-04 22:39:30', '2025-09-04 22:39:30'),
(483, 'LEIVA SALINAS MIGUEL ANGEL', 'PENTA VIDA CIA DE SEGUROS DE VIDA S.A.', 'PROH. DE ENAJENAR Y OTRAS', 103, 111, 2022, 'Prohibicion Propiedad', NULL, '', '', '', '2025-09-04 22:39:30', '2025-09-04 22:39:30'),
(484, 'LEIVA SALINAS MIGUEL ANGEL', 'SERVIU QUINTA REGION', 'PROH. DE ENAJENAR Y OTRAS', 104, 112, 2022, 'Prohibicion Propiedad', NULL, '', '', '', '2025-09-04 22:39:30', '2025-09-04 22:39:30'),
(485, 'LEVY ROJAS MACARENA ANDREA', 'SERVIU QUINTA REGION', 'PROH. DE ENAJENAR Y OTRAS', 210, 216, 2022, 'Prohibicion Propiedad', NULL, '', '', '', '2025-09-04 22:39:30', '2025-09-04 22:39:30'),
(486, 'LOBOS ESPINOZA NATHALIE MACARENA', 'SCOTIABANK CHILE', 'PROH. DE ENAJENAR Y OTRAS', 11, 13, 2022, 'Prohibicion Propiedad', NULL, '', '', '', '2025-09-04 22:39:30', '2025-09-04 22:39:30'),
(487, 'LOBOS ESPINOZA NATHALIE MACARENA', 'SERVIU QUINTA REGION', 'PROH. DE ENAJENAR Y OTRAS', 12, 14, 2022, 'Prohibicion Propiedad', NULL, '', '', '', '2025-09-04 22:39:30', '2025-09-04 22:39:30'),
(488, 'LOPEZ ASPEE LEONIDAS ALEJANDRO', 'BANCO DEL ESTADO DE CHILE', 'PROH. DE ENAJENAR Y OTRAS', 196, 202, 2022, 'Prohibicion Propiedad', NULL, '', '', '', '2025-09-04 22:39:30', '2025-09-04 22:39:30'),
(489, 'LOPEZ FLORES YODALIS DEL CARMEN', 'BANCO DEL ESTADO DE CHILE', 'REINS. PROHIBICION', 292, 293, 2022, 'Prohibicion Propiedad', NULL, '', '', '', '2025-09-04 22:39:30', '2025-09-04 22:39:30'),
(490, 'LOPEZ PULGAR KAREN ANDREA', 'SERVIU QUINTA REGION', 'PROH. DE ENAJENAR Y OTRAS', 167, 174, 2022, 'Prohibicion Propiedad', NULL, '', '', '', '2025-09-04 22:39:30', '2025-09-04 22:39:30'),
(491, 'MACAYA SAEZ YOLANDA MERCEDES', 'BANCO DEL ESTADO DE CHILE', 'REINS. PROHIBICION', 251, 250, 2022, 'Prohibicion Propiedad', NULL, '', '', '', '2025-09-04 22:39:30', '2025-09-04 22:39:30'),
(492, 'MALDONADO MESIAS MARCO ANTONIO', 'BANCO DEL ESTADO DE CHILE', 'REINS. PROHIBICION', 276, 278, 2022, 'Prohibicion Propiedad', NULL, '', '', '', '2025-09-04 22:39:30', '2025-09-04 22:39:30'),
(493, 'MARIN LARTIGO MANUEL ENRIQUE', 'BANCO DEL ESTADO DE CHILE', 'PROH. DE ENAJENAR Y OTRAS', 226, 232, 2022, 'Prohibicion Propiedad', NULL, '', '', '', '2025-09-04 22:39:30', '2025-09-04 22:39:30'),
(494, 'MARTINEZ DIAZ FRANCISCO ALEJANDRO', 'BANCO SANTANDER CHILE', 'PROH. DE ENAJENAR Y OTRA', 215, 222, 2022, 'Prohibicion Propiedad', NULL, '', '', '', '2025-09-04 22:39:30', '2025-09-04 22:39:30'),
(495, 'MARTINEZ GODOY JUAN ALEJANDRO', '', 'MEDIDA PRECAUTORIA', 295, 296, 2022, 'Prohibicion Propiedad', NULL, '', '', '', '2025-09-04 22:39:30', '2025-09-04 22:39:30'),
(496, 'MARTINEZ GODOY MARCO JESUS', 'MINISTERIO DE BIENES NACIONALES', 'PROH. DE GRAVAR Y OTRA', 214, 221, 2022, 'Prohibicion Propiedad', NULL, '', '', '', '2025-09-04 22:39:30', '2025-09-04 22:39:30'),
(497, 'MARTINEZ VALENCIA ANDRES ANTONIO', 'SOC. AGRICOLA SAN CARLOS DE CATEMU LTDA', 'PROH. DE GRAVAR Y OTRAS', 288, 288, 2022, 'Prohibicion Propiedad', NULL, '', '', '', '2025-09-04 22:39:30', '2025-09-04 22:39:30'),
(498, 'MARTINEZ VERA JAZMIN CLAUDIA', 'BANCO SANTANDER CHILE', 'PROH. DE ENAJENAR Y OTRAS', 78, 84, 2022, 'Prohibicion Propiedad', NULL, '', '', '', '2025-09-04 22:39:30', '2025-09-04 22:39:30'),
(499, 'MARTINEZ VERA JAZMIN CLAUDIA', 'SERVIU QUINTA REGION', 'PROH. DE ENAJENAR Y OTRAS', 79, 85, 2022, 'Prohibicion Propiedad', NULL, '', '', '', '2025-09-04 22:39:30', '2025-09-04 22:39:30'),
(500, 'MATURANA VALENCIA RAUL AROLDO', 'BANCO DEL ESTADO DE CHILE', 'REINS. PROHIBICION', 235, 243, 2022, 'Prohibicion Propiedad', NULL, '', '', '', '2025-09-04 22:39:30', '2025-09-04 22:39:30'),
(501, 'MAUNA MORALES SOLANGE JEANNETTE', 'SERVIU QUINTA REGION', 'PROH. DE ENAJENAR Y OTRAS', 169, 176, 2022, 'Prohibicion Propiedad', NULL, '', '', '', '2025-09-04 22:39:30', '2025-09-04 22:39:30'),
(502, 'MERY HERRERA CINDY YAZMIN', 'MARTINEZ PEREZ DANILO ENRIQUE', 'REINS. PROHIBICION', 259, 258, 2022, 'Prohibicion Propiedad', NULL, '', '', '', '2025-09-04 22:39:30', '2025-09-04 22:39:30'),
(503, 'MESIAS BELLENGER NICOLLE SOLANGE', 'PENTA VIDA CIA DE SEGUROS DE VIDA S.A.', 'PROH. DE ENAJENAR Y OTRAS', 191, 197, 2022, 'Prohibicion Propiedad', NULL, '', '', '', '2025-09-04 22:39:30', '2025-09-04 22:39:30'),
(504, 'MONTANARES LIZANA CLAUDIA XIMENA', 'COOP. DE AHORRO Y CREDITO COOPEUCH', 'PROH. DE ENAJENAR Y OTRAS', 38, 42, 2022, 'Prohibicion Propiedad', NULL, '', '', '', '2025-09-04 22:39:30', '2025-09-04 22:39:30'),
(505, 'MONTANARES LIZANA CLAUDIA XIMENA', 'SERVIU QUINTA REGION', 'PROH. DE ENAJENAR Y OTRAS', 39, 43, 2022, 'Prohibicion Propiedad', NULL, '', '', '', '2025-09-04 22:39:30', '2025-09-04 22:39:30'),
(506, 'MONTENEGRO CASTRO FABIOLA ANDREA', 'SERVIU QUINTA REGION', 'PROH. DE ENAJENAR Y OTRAS', 163, 169, 2022, 'Prohibicion Propiedad', NULL, '', '', '', '2025-09-04 22:39:30', '2025-09-04 22:39:30'),
(507, 'MORALES ESTAI LUIS ALBERTO', 'SERVIU QUINTA REGION', 'PROH. DE GRAVAR Y OTRAS', 219, 224, 2022, 'Prohibicion Propiedad', NULL, '', '', '', '2025-09-04 22:39:30', '2025-09-04 22:39:30'),
(508, 'MORALES ESTAI LUIS ALBERTO', 'SERVIU QUINTA REGION', 'PROH. DE ENAJENAR Y OTRAS', 233, 241, 2022, 'Prohibicion Propiedad', NULL, '', '', '', '2025-09-04 22:39:30', '2025-09-04 22:39:30'),
(509, 'MORALES ROBLES ALEJANDRO ELIAS', 'ADMINIST. DE MUTUOS HIPOTECARIOS M Y V S.A.', 'PROH. DE ENAJENAR Y OTRAS', 170, 177, 2022, 'Prohibicion Propiedad', NULL, '', '', '', '2025-09-04 22:39:30', '2025-09-04 22:39:30'),
(510, 'MORALES ROBLES ALEJANDRO ELIAS', 'SERVIU QUINTA REGION', 'PROH. DE ENAJENAR Y OTRAS', 171, 178, 2022, 'Prohibicion Propiedad', NULL, '', '', '', '2025-09-04 22:39:30', '2025-09-04 22:39:30'),
(511, 'MORENO BAEZA PATRICIO ENRIQUE', 'SERVIU QUINTA REGION', 'PROH. DE ENAJENAR Y OTRAS', 205, 211, 2022, 'Prohibicion Propiedad', NULL, '', '', '', '2025-09-04 22:39:30', '2025-09-04 22:39:30'),
(512, 'MORGADO VALLE ARIEL FRANCISCO', 'BANCO FALABELLA', 'PROH. DE ENAJENAR Y OTRAS', 50, 54, 2022, 'Prohibicion Propiedad', NULL, '', '', '', '2025-09-04 22:39:30', '2025-09-04 22:39:30'),
(513, 'MORGADO VALLE ARIEL FRANCISCO', 'SERVIU QUINTA REGION', 'PROH. DE ENAJENAR Y OTRAS', 51, 55, 2022, 'Prohibicion Propiedad', NULL, '', '', '', '2025-09-04 22:39:30', '2025-09-04 22:39:30'),
(514, 'MUÑOZ GONZALEZ BARBARA NATALIE', 'BANCO DEL ESTADO DE CHILE', 'PROH. DE ENAJENAR Y OTRAS', 134, 140, 2022, 'Prohibicion Propiedad', NULL, '', '', '', '2025-09-04 22:39:30', '2025-09-04 22:39:30'),
(515, 'MUÑOZ GONZALEZ BARBARA NATALIE', 'SERVIU QUINTA REGION', 'PROH. DE ENAJENAR Y OTRAS', 135, 141, 2022, 'Prohibicion Propiedad', NULL, '', '', '', '2025-09-04 22:39:30', '2025-09-04 22:39:30'),
(516, 'MUÑOZ HIDALGO ANA MARIA', 'BANCO DEL ESTADO DE CHILE', 'EMBARGO', 296, 298, 2022, 'Prohibicion Propiedad', NULL, '', '', '', '2025-09-04 22:39:30', '2025-09-04 22:39:30'),
(517, 'MUÑOZ VILCHES CYNTHIA MACARENA', 'FISCO DE CHILE', 'EMBARGO', 232, 239, 2022, 'Prohibicion Propiedad', NULL, '', '', '', '2025-09-04 22:39:30', '2025-09-04 22:39:30'),
(518, 'NAVARRETE LEWIN CLAUDIO ANDRES', 'BANCO DE CHILE', 'PROH. DE ENAJENAR Y OTRAS', 268, 268, 2022, 'Prohibicion Propiedad', NULL, '', '', '', '2025-09-04 22:39:30', '2025-09-04 22:39:30'),
(519, 'NEIRA VARAS MARIA DEL ROSARIO', 'SERVIU QUINTA REGION', 'PROH. DE ENAJENAR Y OTRAS', 201, 206, 2022, 'Prohibicion Propiedad', NULL, '', '', '', '2025-09-04 22:39:30', '2025-09-04 22:39:30'),
(520, 'NIETO ESPINOZA JUAN CARLOS', 'SERVIU QUINTA REGION', 'PROH. DE ENAJENAR Y OTRAS', 173, 180, 2022, 'Prohibicion Propiedad', NULL, '', '', '', '2025-09-04 22:39:30', '2025-09-04 22:39:30'),
(521, 'OBISPADO DE SAN FELIPE', 'OLAVARRIA OLAVARRIA ONOFRE Y OTROS', 'REINS. MEDIDA PRECAUT.', 271, 272, 2022, 'Prohibicion Propiedad', NULL, '', '', '', '2025-09-04 22:39:30', '2025-09-04 22:39:30'),
(522, 'OLIVARES AVILA GUILLERMO NEFTALI', '', 'INTERDICCION', 281, 283, 2022, 'Prohibicion Propiedad', NULL, '', '', '', '2025-09-04 22:39:30', '2025-09-04 22:39:30'),
(523, 'OLLANADEL NUÑEZ JOVITA LILIANA', 'MINISTERIO DE BIENES NACIONALES', 'PROH. DE GRAVAR Y OTRA', 192, 198, 2022, 'Prohibicion Propiedad', NULL, '', '', '', '2025-09-04 22:39:30', '2025-09-04 22:39:30'),
(524, 'ORDENES ARAVENA JUAN DANIEL', 'SERVIU QUINTA REGION', 'REINS. DE PROH. E INEMB.', 224, 230, 2022, 'Prohibicion Propiedad', NULL, '', '', '', '2025-09-04 22:39:30', '2025-09-04 22:39:30'),
(525, 'ORELLANA HERNANDEZ CLAUDIO ANDRES', 'BANCO DEL ESTADO DE CHILE', 'PROH. DE ENAJENAR Y OTRAS', 262, 261, 2022, 'Prohibicion Propiedad', NULL, '', '', '', '2025-09-04 22:39:30', '2025-09-04 22:39:30'),
(526, 'ORELLANA ORELLANA DAMARIS GENESIS', 'SERVIU QUINTA REGION', 'PROH. DE ENAJENAR Y OTRAS', 164, 170, 2022, 'Prohibicion Propiedad', NULL, '', '', '', '2025-09-04 22:39:30', '2025-09-04 22:39:30'),
(527, 'ORTEGA CESPEDES BENIGNA ROSA', 'MINISTERIO DE BIENES NACIONALES', 'PROH. DE GRAVAR Y OTRA', 213, 220, 2022, 'Prohibicion Propiedad', NULL, '', '', '', '2025-09-04 22:39:30', '2025-09-04 22:39:30'),
(528, 'OYANEDER CARCAMO INES FRANCISCA', 'BANCO DEL ESTADO DE CHILE', 'PROH. DE ENAJENAR Y OTRAS', 146, 153, 2022, 'Prohibicion Propiedad', NULL, '', '', '', '2025-09-04 22:39:30', '2025-09-04 22:39:30'),
(529, 'OYANEDER PINEDA TANYA TAMARA', 'BANCO SANTANDER CHILE', 'PROH. DE ENAJENAR Y OTRAS', 57, 60, 2022, 'Prohibicion Propiedad', NULL, '', '', '', '2025-09-04 22:39:30', '2025-09-04 22:39:30'),
(530, 'OYANEDER PINEDA TANYA TAMARA', 'SERVIU QUINTA REGION', 'PROH. DE ENAJENAR Y OTRAS', 58, 61, 2022, 'Prohibicion Propiedad', NULL, '', '', '', '2025-09-04 22:39:30', '2025-09-04 22:39:30'),
(531, 'PARA ARAYA LUISA', 'BANCO DEL ESTADO DE CHILE', 'EMBARGO', 176, 184, 2022, 'Prohibicion Propiedad', NULL, '', '', '', '2025-09-04 22:39:30', '2025-09-04 22:39:30'),
(532, 'PARAS MESIAS ALEJANDRO ANTONIO', '', 'PROHIBICION DE ENAJENAR', 148, 155, 2022, 'Prohibicion Propiedad', NULL, '', '', '', '2025-09-04 22:39:30', '2025-09-04 22:39:30'),
(533, 'PARAS MESIAS ELEUTERIO IGNACIO', '', 'PROHIBICION DE ENAJENAR', 147, 154, 2022, 'Prohibicion Propiedad', NULL, '', '', '', '2025-09-04 22:39:30', '2025-09-04 22:39:30'),
(534, 'PARAS MESIAS ROBERTO EUGENIO', '', 'PROHIBICION DE ENAJENAR', 149, 156, 2022, 'Prohibicion Propiedad', NULL, '', '', '', '2025-09-04 22:39:30', '2025-09-04 22:39:30'),
(535, 'PARAS MESIAS ROXANA FABIOLA', '', 'PROHIBICION DE ENAJENAR', 149, 157, 2022, 'Prohibicion Propiedad', NULL, '', '', '', '2025-09-04 22:39:30', '2025-09-04 22:39:30'),
(536, 'PAREDES VILLALOBOS HECTOR ENRIQUE', 'MINISTERIO DE BIENES NACIONALES', 'PROH. GRAVAR Y ENAJEN.', 5, 5, 2022, 'Prohibicion Propiedad', NULL, '', '', '', '2025-09-04 22:39:30', '2025-09-04 22:39:30'),
(537, 'PASSALACQUA CASTELLARO DANIELLA ANDREA', 'FISCO DE CHILE', 'EMBARGO', 172, 179, 2022, 'Prohibicion Propiedad', NULL, '', '', '', '2025-09-04 22:39:30', '2025-09-04 22:39:30'),
(538, 'PASTEN ACEVEDO JUAN ALBERTO', 'BANCO DEL ESTADO DE CHILE', 'REINS. PROHIBICION', 183, 190, 2022, 'Prohibicion Propiedad', NULL, '', '', '', '2025-09-04 22:39:30', '2025-09-04 22:39:30'),
(539, 'PASTEN QUIROZ CAROLINA ALEJANDRA', 'BANCO DEL ESTADO DE CHILE', 'PROH. DE ENAJENAR Y OTRAS', 196, 203, 2022, 'Prohibicion Propiedad', NULL, '', '', '', '2025-09-04 22:39:30', '2025-09-04 22:39:30'),
(540, 'PEREIRA LAZCANO EUGENIO ELIECER', 'BANCO DEL ESTADO DE CHILE', 'REINS. PROHIBICION', 3, 4, 2022, 'Prohibicion Propiedad', NULL, '', '', '', '2025-09-04 22:39:30', '2025-09-04 22:39:30'),
(541, 'PEREIRA REINAGA MAVELYN ALEXANDRA', '', 'PROHIBICION DE ENAJENAR', 253, 252, 2022, 'Prohibicion Propiedad', NULL, '', '', '', '2025-09-04 22:39:30', '2025-09-04 22:39:30'),
(542, 'PEREZ GUTIERREZ DANIEL ENRIQUE', 'BANCO SANTANDER CHILE', 'PROH. DE ENAJENAR Y OTRAS', 63, 67, 2022, 'Prohibicion Propiedad', NULL, '', '', '', '2025-09-04 22:39:30', '2025-09-04 22:39:30'),
(543, 'PEREZ GUTIERREZ DANIEL ENRIQUE', 'SERVIU QUINTA REGION', 'PROH. DE ENAJENAR Y OTRAS', 64, 68, 2022, 'Prohibicion Propiedad', NULL, '', '', '', '2025-09-04 22:39:30', '2025-09-04 22:39:30'),
(544, 'PEREZ MACAYA FERNANDO ANDRES', 'BANCO FALABELLA', 'PROH. DE ENAJENAR Y OTRAS', 40, 44, 2022, 'Prohibicion Propiedad', NULL, '', '', '', '2025-09-04 22:39:30', '2025-09-04 22:39:30'),
(545, 'PEREZ MACAYA FERNANDO ANDRES', 'SERVIU QUINTA REGION', 'PROH. DE ENAJENAR Y OTRAS', 41, 45, 2022, 'Prohibicion Propiedad', NULL, '', '', '', '2025-09-04 22:39:30', '2025-09-04 22:39:30'),
(546, 'PEREZ ROJAS MICAL ANDREA', 'SERVIU QUINTA REGION', 'PROH. DE ENAJENAR Y OTRAS', 150, 158, 2022, 'Prohibicion Propiedad', NULL, '', '', '', '2025-09-04 22:39:30', '2025-09-04 22:39:30'),
(547, 'PEREZ ZAPATA CAMILA ANGELICA', 'PENTA VIDA CIA DE SEGUROS DE VIDA S.A.', 'PROH. DE ENAJENAR Y OTRAS', 118, 123, 2022, 'Prohibicion Propiedad', NULL, '', '', '', '2025-09-04 22:39:30', '2025-09-04 22:39:30'),
(548, 'PEREZ ZAPATA CAMILA ANGELICA', 'SERVIU QUINTA REGION', 'PROH. DE ENAJENAR Y OTRAS', 119, 124, 2022, 'Prohibicion Propiedad', NULL, '', '', '', '2025-09-04 22:39:30', '2025-09-04 22:39:30'),
(549, 'PIMENTEL OLIVARES CARLOS SEGUNDO', 'BANCO DEL ESTADO DE CHILE', 'REINS. PROHIBICION', 291, 292, 2022, 'Prohibicion Propiedad', NULL, '', '', '', '2025-09-04 22:39:30', '2025-09-04 22:39:30'),
(550, 'PIZARRO CANTILLANA ALICIA DEL CARMEN', 'MINISTERIO DE BIENES NACIONALES', 'PROH. DE GRAVAR Y OTRA', 274, 275, 2022, 'Prohibicion Propiedad', NULL, '', '', '', '2025-09-04 22:39:30', '2025-09-04 22:39:30'),
(551, 'PIZARRO CARRASCO ANA IRENE', 'SERVIU QUINTA REGION', 'PROH. DE ENAJENAR Y OTRAS', 205, 210, 2022, 'Prohibicion Propiedad', NULL, '', '', '', '2025-09-04 22:39:30', '2025-09-04 22:39:30'),
(552, 'PIZARRO GUERRERO CARLOS ALBERTO', 'BANCO DEL ESTADO DE CHILE', 'PROH. DE ENAJENAR Y OTRAS', 107, 115, 2022, 'Prohibicion Propiedad', NULL, '', '', '', '2025-09-04 22:39:30', '2025-09-04 22:39:30'),
(553, 'PIZARRO GUERRERO CARLOS ALBERTO', 'SERVIU QUINTA REGION', 'PROH. DE ENAJENAR Y OTRAS', 108, 116, 2022, 'Prohibicion Propiedad', NULL, '', '', '', '2025-09-04 22:39:30', '2025-09-04 22:39:30'),
(554, 'PLACENCIA OYANEDER LESLIE LISSETTE', 'SERVIU QUINTA REGION', 'PROH. DE GRAVAR Y OTRAS', 226, 233, 2022, 'Prohibicion Propiedad', NULL, '', '', '', '2025-09-04 22:39:30', '2025-09-04 22:39:30'),
(555, 'PONTIGO ARROYO CAROLINA ABIGAIL', 'BANCO FALABELLA', 'PROH. DE ENAJENAR Y OTRAS', 24, 27, 2022, 'Prohibicion Propiedad', NULL, '', '', '', '2025-09-04 22:39:30', '2025-09-04 22:39:30'),
(556, 'PONTIGO ARROYO CAROLINA ABIGAIL', 'SERVIU QUINTA REGION', 'PROH. DE ENAJENAR Y OTRAS', 25, 28, 2022, 'Prohibicion Propiedad', NULL, '', '', '', '2025-09-04 22:39:30', '2025-09-04 22:39:30');
INSERT INTO `indices` (`id`, `comprador`, `vendedor`, `materia`, `foja`, `numero`, `anio`, `libro`, `comuna`, `descripcion`, `folio`, `vigencia`, `created_at`, `updated_at`) VALUES
(557, 'QUIÑONES ASTORGA LUIS ALFREDO', '', 'PROHIBICION DE ENAJENAR', 76, 81, 2022, 'Prohibicion Propiedad', NULL, '', '', '', '2025-09-04 22:39:30', '2025-09-04 22:39:30'),
(558, 'QUIÑONES ASTORGA MONICA ANDREA', '', 'PROHIBICION DE ENAJENAR', 77, 83, 2022, 'Prohibicion Propiedad', NULL, '', '', '', '2025-09-04 22:39:30', '2025-09-04 22:39:30'),
(559, 'QUIÑONES ASTORGA TERESA ALEJANDRINA', '', 'PROHIBICION DE ENAJENAR', 77, 82, 2022, 'Prohibicion Propiedad', NULL, '', '', '', '2025-09-04 22:39:30', '2025-09-04 22:39:30'),
(560, 'REINAGA ALVAREZ CLAUDIO ANTONIO', 'SERVIU QUINTA REGION', 'PROH. DE GRAVAR Y OTRAS', 86, 93, 2022, 'Prohibicion Propiedad', NULL, '', '', '', '2025-09-04 22:39:30', '2025-09-04 22:39:30'),
(561, 'REYES MADARIAGA JORGE GUSTAVO', '', 'PROHIBICION DE ENAJENAR', 82, 89, 2022, 'Prohibicion Propiedad', NULL, '', '', '', '2025-09-04 22:39:30', '2025-09-04 22:39:30'),
(562, 'REYES MADARIAGA LUZ MARINA', '', 'PROHIBICION DE ENAJENAR', 82, 88, 2022, 'Prohibicion Propiedad', NULL, '', '', '', '2025-09-04 22:39:30', '2025-09-04 22:39:30'),
(563, 'REYES MADARIAGA MARIA EMMA', '', 'PROHIBICION DE ENAJENAR', 81, 87, 2022, 'Prohibicion Propiedad', NULL, '', '', '', '2025-09-04 22:39:30', '2025-09-04 22:39:30'),
(564, 'REYES SOZA IVAN ALFONSO', 'SERVIU QUINTA REGION', 'REINS. PROH. E INEMBARG.', 190, 196, 2022, 'Prohibicion Propiedad', NULL, '', '', '', '2025-09-04 22:39:30', '2025-09-04 22:39:30'),
(565, 'REYNAL VIAL PAULA', 'SCOTIABANK CHILE', 'EMBARGO', 284, 284, 2022, 'Prohibicion Propiedad', NULL, '', '', '', '2025-09-04 22:39:30', '2025-09-04 22:39:30'),
(566, 'RIOS ROZAS KAREM CECILIA', 'BANCO DEL ESTADO DE CHILE', 'PROH. DE ENAJENAR Y OTRAS', 256, 255, 2022, 'Prohibicion Propiedad', NULL, '', '', '', '2025-09-04 22:39:30', '2025-09-04 22:39:30'),
(567, 'RIVERA PARRA JOCELYN DALIA', 'BANCO SANTANDER CHILE', 'PROH. DE ENAJENAR Y OTRAS', 128, 133, 2022, 'Prohibicion Propiedad', NULL, '', '', '', '2025-09-04 22:39:30', '2025-09-04 22:39:30'),
(568, 'RIVERA TORRES MILTON ALEJANDRO', 'BANCO DE CREDITO E INVERSIONES', 'PROH. DE ENAJENAR Y OTRAS', 145, 152, 2022, 'Prohibicion Propiedad', NULL, '', '', '', '2025-09-04 22:39:30', '2025-09-04 22:39:30'),
(569, 'RODRIGUEZ ABURTO JEANNETTE ELIZABETH', 'BANCO DEL ESTADO DE CHILE', 'PROH. DE ENAJENAR Y OTRAS', 2, 2, 2022, 'Prohibicion Propiedad', NULL, '', '', '', '2025-09-04 22:39:30', '2025-09-04 22:39:30'),
(570, 'ROJAS FERNANDEZ BRYAN PAOLO', 'SERVIU QUINTA REGION', 'PROH. DE GRAVAR Y OTRAS', 105, 113, 2022, 'Prohibicion Propiedad', NULL, '', '', '', '2025-09-04 22:39:30', '2025-09-04 22:39:30'),
(571, 'ROJAS FERNANDEZ BRYAN PAOLO', 'SERVIU QUINTA REGION', 'PROH. DE ENAJENAR Y OTRAS', 144, 150, 2022, 'Prohibicion Propiedad', NULL, '', '', '', '2025-09-04 22:39:30', '2025-09-04 22:39:30'),
(572, 'ROJAS FERNANDEZ CHRISTIAN EDUARDO', 'SERVIU QUINTA REGION', 'PROH. DE GRAVAR Y OTRAS', 106, 114, 2022, 'Prohibicion Propiedad', NULL, '', '', '', '2025-09-04 22:39:30', '2025-09-04 22:39:30'),
(573, 'ROJAS FERNANDEZ CHRISTIAN EDUARDO', 'SERVIU QUINTA REGION', 'PROH. DE ENAJENAR Y OTRAS', 144, 151, 2022, 'Prohibicion Propiedad', NULL, '', '', '', '2025-09-04 22:39:30', '2025-09-04 22:39:30'),
(574, 'ROJAS VELASQUEZ JAIME ENRIQUE', 'BANCO NACIONAL', 'REINS. PROHIBICION', 97, 106, 2022, 'Prohibicion Propiedad', NULL, '', '', '', '2025-09-04 22:39:30', '2025-09-04 22:39:30'),
(575, 'RUBILAR VALLE MARIA TERESA', 'SERVIU QUINTA REGION', 'PROH. DE GRAVAR Y OTRAS', 34, 38, 2022, 'Prohibicion Propiedad', NULL, '', '', '', '2025-09-04 22:39:30', '2025-09-04 22:39:30'),
(576, 'SAAVEDRA AGUILERA JACQUELINE DEL CARMEN', 'BANCO DEL ESTADO DE CHILE', 'PROH. DE ENAJENAR Y OTRAS', 109, 117, 2022, 'Prohibicion Propiedad', NULL, '', '', '', '2025-09-04 22:39:30', '2025-09-04 22:39:30'),
(577, 'SAAVEDRA GALLARDO MAURICIO', 'FISCO DE CHILE', 'EMBARGO', 291, 291, 2022, 'Prohibicion Propiedad', NULL, '', '', '', '2025-09-04 22:39:30', '2025-09-04 22:39:30'),
(578, 'SAAVEDRA LOPEZ ALAN DANIEL', '', 'INTERDICCION', 154, 162, 2022, 'Prohibicion Propiedad', NULL, '', '', '', '2025-09-04 22:39:30', '2025-09-04 22:39:30'),
(579, 'SALAS ROJAS IGNACIO ANDRES', 'BANCO DEL ESTADO DE CHILE', 'PROH. DE ENAJENAR Y OTRAS', 91, 99, 2022, 'Prohibicion Propiedad', NULL, '', '', '', '2025-09-04 22:39:30', '2025-09-04 22:39:30'),
(580, 'SALAS ROJAS IGNACIO ANDRES', 'SERVIU QUINTA REGION', 'PROH. DE ENAJENAR Y OTRAS', 92, 100, 2022, 'Prohibicion Propiedad', NULL, '', '', '', '2025-09-04 22:39:30', '2025-09-04 22:39:30'),
(581, 'SALINAS VELASQUEZ VERONICA CECILIA', '', 'PROHIBICION DE ENAJENAR', 227, 234, 2022, 'Prohibicion Propiedad', NULL, '', '', '', '2025-09-04 22:39:30', '2025-09-04 22:39:30'),
(582, 'SEPULVEDA GOLER JASMIN AURORA', 'SERVIU QUINTA REGION', 'REINS. PROHIBICION', 286, 286, 2022, 'Prohibicion Propiedad', NULL, '', '', '', '2025-09-04 22:39:30', '2025-09-04 22:39:30'),
(583, 'SEPULVEDA IBACACHE VENTURA ENRIQUE', 'FISCO DE CHILE', 'EMBARGO', 75, 80, 2022, 'Prohibicion Propiedad', NULL, '', '', '', '2025-09-04 22:39:30', '2025-09-04 22:39:30'),
(584, 'SOC. CONSTRUCTORA Y TRANSPORTES M&M LTDA', 'BANCO DE CREDITO E INVERSIONES', 'PROH. DE ENAJENAR Y OTRAS', 157, 163, 2022, 'Prohibicion Propiedad', NULL, '', '', '', '2025-09-04 22:39:30', '2025-09-04 22:39:30'),
(585, 'SOCIEDAD AGRICOLA AGROVAL LIMITADA', '', 'MEDIDA PREJ. PRECAUTORIA', 189, 195, 2022, 'Prohibicion Propiedad', NULL, '', '', '', '2025-09-04 22:39:30', '2025-09-04 22:39:30'),
(586, 'SOTO VARGAS CRISTIAN ENRIQUE', 'BANCO DE CREDITO E INVERSIONES', 'PROH. DE ENAJENAR Y OTRAS', 115, 120, 2022, 'Prohibicion Propiedad', NULL, '', '', '', '2025-09-04 22:39:30', '2025-09-04 22:39:30'),
(587, 'TABILO CONTADOR CARLOS ENRIQUE', 'BANCO DEL ESTADO DE CHILE', 'PROH. DE ENAJENAR Y OTRAS', 247, 246, 2022, 'Prohibicion Propiedad', NULL, '', '', '', '2025-09-04 22:39:30', '2025-09-04 22:39:30'),
(588, 'TAMOLA VALLE FRANCISCO JAVIER', 'SERVIU QUINTA REGION', 'PROH. DE ENAJENAR Y OTRAS', 161, 167, 2022, 'Prohibicion Propiedad', NULL, '', '', '', '2025-09-04 22:39:30', '2025-09-04 22:39:30'),
(589, 'TAPIA DIAZ GUILLERMO PATRICIO', 'BANCO DEL ESTADO DE CHILE', 'PROH. DE ENAJENAR Y OTRAS', 94, 102, 2022, 'Prohibicion Propiedad', NULL, '', '', '', '2025-09-04 22:39:30', '2025-09-04 22:39:30'),
(590, 'TAPIA DIAZ GUILLERMO PATRICIO', 'SERVIU QUINTA REGION', 'PROH. DE ENAJENAR Y OTRAS', 95, 103, 2022, 'Prohibicion Propiedad', NULL, '', '', '', '2025-09-04 22:39:30', '2025-09-04 22:39:30'),
(591, 'TAPIA DIAZ MOISES DANIEL', 'BANCO FALABELLA', 'PROH. DE ENAJENAR Y OTRAS', 36, 40, 2022, 'Prohibicion Propiedad', NULL, '', '', '', '2025-09-04 22:39:30', '2025-09-04 22:39:30'),
(592, 'TAPIA DIAZ MOISES DANIEL', 'SERVIU QUINTA REGION', 'PROH. DE ENAJENAR Y OTRAS', 37, 41, 2022, 'Prohibicion Propiedad', NULL, '', '', '', '2025-09-04 22:39:30', '2025-09-04 22:39:30'),
(593, 'TAPIA GUZMAN ALEXIS ENRIQUE', '', 'REINS. INTERDICCION DEFINIT', 254, 253, 2022, 'Prohibicion Propiedad', NULL, '', '', '', '2025-09-04 22:39:30', '2025-09-04 22:39:30'),
(594, 'TAPIA MENESES MARIA ANGELICA', '', 'INTERDICCION', 111, 119, 2022, 'Prohibicion Propiedad', NULL, '', '', '', '2025-09-04 22:39:30', '2025-09-04 22:39:30'),
(595, 'TAPIA TOLEDO LUIS ERNESTO', 'INSTITUTO DE DESARROLLO AGROPECUARIO', 'PROH. DE ENAJENAR Y OTRAS', 184, 191, 2022, 'Prohibicion Propiedad', NULL, '', '', '', '2025-09-04 22:39:30', '2025-09-04 22:39:30'),
(596, 'TAPIA VALDIVIA KATHERINE BEATRIZ', 'PENTA VIDA CIA DE SEGUROS DE VIDA S.A.', 'PROH. DE ENAJENAR Y OTRAS', 101, 109, 2022, 'Prohibicion Propiedad', NULL, '', '', '', '2025-09-04 22:39:30', '2025-09-04 22:39:30'),
(597, 'TAPIA VALDIVIA KATHERINE BEATRIZ', 'SERVIU QUINTA REGION', 'PROH. DE ENAJENAR Y OTRAS', 102, 110, 2022, 'Prohibicion Propiedad', NULL, '', '', '', '2025-09-04 22:39:30', '2025-09-04 22:39:30'),
(598, 'TAPIA VEGAS JENNY PAOLA', 'FISCO DE CHILE', 'EMBARGO', 256, 255, 2022, 'Prohibicion Propiedad', NULL, '', '', '', '2025-09-04 22:39:30', '2025-09-04 22:39:30'),
(599, 'TARIFEÑO GONZALEZ NATALIA ALEJANDRA', 'COOP. DE AHORRO Y CREDITO COOPEUCH', 'PROH. DE ENAJENAR Y OTRAS', 48, 52, 2022, 'Prohibicion Propiedad', NULL, '', '', '', '2025-09-04 22:39:30', '2025-09-04 22:39:30'),
(600, 'TERRAZA AGUILERA EMILIO JESUS', 'SCOTIABANK CHILE', 'PROH. DE ENAJENAR Y OTRAS', 16, 19, 2022, 'Prohibicion Propiedad', NULL, '', '', '', '2025-09-04 22:39:30', '2025-09-04 22:39:30'),
(601, 'TERRAZA AGUILERA EMILIO JESUS', 'SERVIU QUINTA REGION', 'PROH. DE ENAJENAR Y OTRAS', 17, 20, 2022, 'Prohibicion Propiedad', NULL, '', '', '', '2025-09-04 22:39:30', '2025-09-04 22:39:30'),
(602, 'TORO BARRERA JAIME EDUARDO', '', 'MEDIDA PRECAUTORIA', 219, 225, 2022, 'Prohibicion Propiedad', NULL, '', '', '', '2025-09-04 22:39:30', '2025-09-04 22:39:30'),
(603, 'TORO BARRERA JAIME EDUARDO', '', 'MEDIDA PRECAUTORIA', 220, 226, 2022, 'Prohibicion Propiedad', NULL, '', '', '', '2025-09-04 22:39:30', '2025-09-04 22:39:30'),
(604, 'TORRES BARRIA VICTOR GASTON', 'SERVIU QUINTA REGION', 'REINS. PROHIBICION', 142, 149, 2022, 'Prohibicion Propiedad', NULL, '', '', '', '2025-09-04 22:39:30', '2025-09-04 22:39:30'),
(605, 'TORRES CABRERA EDUARDO JAVIER', 'BANCO DEL ESTADO DE CHILE', 'EMBARGO', 296, 297, 2022, 'Prohibicion Propiedad', NULL, '', '', '', '2025-09-04 22:39:30', '2025-09-04 22:39:30'),
(606, 'TORRES FIGUEROA SEBASTIAN ANDRES', 'BANCO DEL ESTADO DE CHILE', 'PROH. DE ENAJENAR Y OTRAS', 136, 142, 2022, 'Prohibicion Propiedad', NULL, '', '', '', '2025-09-04 22:39:30', '2025-09-04 22:39:30'),
(607, 'TORRES FIGUEROA SEBASTIAN ANDRES', 'SERVIU QUINTA REGION', 'PROH. DE ENAJENAR Y OTRAS', 137, 143, 2022, 'Prohibicion Propiedad', NULL, '', '', '', '2025-09-04 22:39:30', '2025-09-04 22:39:30'),
(608, 'TORRES FIGUEROA YESENIA DEL CARMEN', 'BANCO FALABELLA', 'PROH. DE ENAJENAR Y OTRAS', 59, 62, 2022, 'Prohibicion Propiedad', NULL, '', '', '', '2025-09-04 22:39:30', '2025-09-04 22:39:30'),
(609, 'TORRES FIGUEROA YESENIA DEL CARMEN', 'SERVIU QUINTA REGION', 'PROH. DE ENAJENAR Y OTRAS', 60, 63, 2022, 'Prohibicion Propiedad', NULL, '', '', '', '2025-09-04 22:39:30', '2025-09-04 22:39:30'),
(610, 'UNIDAD LEASING HABITACIONAL S.A.', 'ENCINA BARAHONA LUIS ANDRES', 'PROMESA DE COMPRAVENTA', 245, 244, 2022, 'Prohibicion Propiedad', NULL, '', '', '', '2025-09-04 22:39:30', '2025-09-04 22:39:30'),
(611, 'VALDIVIA CHAPA NATALIA GRACIELA', 'PENTA VIDA CIA DE SEGUROS DE VIDA S.A.', 'PROH. DE ENAJENAR Y OTRAS', 116, 121, 2022, 'Prohibicion Propiedad', NULL, '', '', '', '2025-09-04 22:39:30', '2025-09-04 22:39:30'),
(612, 'VALDIVIA CHAPA NATALIA GRACIELA', 'SERVIU QUINTA REGION', 'PROH. DE ENAJENAR Y OTRAS', 117, 122, 2022, 'Prohibicion Propiedad', NULL, '', '', '', '2025-09-04 22:39:30', '2025-09-04 22:39:30'),
(613, 'VALENCIA ORTIZ JUAN JOSE', 'PENTA VIDA CIA DE SEGUROS DE VIDA S.A.', 'PROH. DE ENAJENAR Y OTRAS', 70, 75, 2022, 'Prohibicion Propiedad', NULL, '', '', '', '2025-09-04 22:39:30', '2025-09-04 22:39:30'),
(614, 'VARGAS DIAZ ROSA VIOLETA', 'BANCO DEL ESTADO DE CHILE', 'REINS. PROHIBICION', 248, 247, 2022, 'Prohibicion Propiedad', NULL, '', '', '', '2025-09-04 22:39:30', '2025-09-04 22:39:30'),
(615, 'VEGA GARAT KAREN FRANCISCA', 'SERVIU QUINTA REGION', 'PROH. DE ENAJENAR Y OTRAS', 248, 248, 2022, 'Prohibicion Propiedad', NULL, '', '', '', '2025-09-04 22:39:30', '2025-09-04 22:39:30'),
(616, 'VERA MORAGA MARCELO FERNANDO', 'BANCO SANTANDER CHILE', 'REINS. EMBARGO', 74, 79, 2022, 'Prohibicion Propiedad', NULL, '', '', '', '2025-09-04 22:39:30', '2025-09-04 22:39:30'),
(617, 'VERA SOTO ISRAEL ANTONIO', 'SERVIU QUINTA REGION', 'REINS. DE PROH. E INEMB.', 211, 218, 2022, 'Prohibicion Propiedad', NULL, '', '', '', '2025-09-04 22:39:30', '2025-09-04 22:39:30'),
(618, 'VERGARA ARANDA SEBASTIAN ANDRES', 'BANCO FALABELLA', 'PROH. DE ENAJENAR Y OTRAS', 42, 46, 2022, 'Prohibicion Propiedad', NULL, '', '', '', '2025-09-04 22:39:30', '2025-09-04 22:39:30'),
(619, 'VERGARA ARANDA SEBASTIAN ANDRES', 'SERVIU QUINTA REGION', 'PROH. DE ENAJENAR Y OTRAS', 43, 47, 2022, 'Prohibicion Propiedad', NULL, '', '', '', '2025-09-04 22:39:30', '2025-09-04 22:39:30'),
(620, 'VERGARA BARRERA KATHERINE DIANNE', 'SCOTIABANAK CHILE', 'EMBARGO', 83, 90, 2022, 'Prohibicion Propiedad', NULL, '', '', '', '2025-09-04 22:39:30', '2025-09-04 22:39:30'),
(621, 'VERGARA PERALTA ALEJANDRA PAOLA', 'TESORERIA GENERAL DE LA REPUBLICA', 'EMBARGO', 131, 136, 2022, 'Prohibicion Propiedad', NULL, '', '', '', '2025-09-04 22:39:30', '2025-09-04 22:39:30'),
(622, 'VERGARA PERALTA ALEJANDRA PAOLA', 'TESORERIA GENERAL DE LA REPUBLICA', 'EMBARGO', 132, 137, 2022, 'Prohibicion Propiedad', NULL, '', '', '', '2025-09-04 22:39:30', '2025-09-04 22:39:30'),
(623, 'VERGARA POBLETE CARMEN PAULINA', 'BANCO DEL ESTADO DE CHILE', 'PROH. DE ENAJENAR Y OTRAS', 140, 146, 2022, 'Prohibicion Propiedad', NULL, '', '', '', '2025-09-04 22:39:30', '2025-09-04 22:39:30'),
(624, 'VERGARA POBLETE CARMEN PAULINA', 'SERVIU QUINTA REGION', 'PROH. DE ENAJENAR Y OTRAS', 141, 147, 2022, 'Prohibicion Propiedad', NULL, '', '', '', '2025-09-04 22:39:30', '2025-09-04 22:39:30'),
(625, 'VIDELA DOMINGUEZ AARON ALEXIS', 'PENTA VIDA CIA DE SEGUROS DE VIDA S.A.', 'PROH. DE ENAJENAR Y OTRAS', 126, 131, 2022, 'Prohibicion Propiedad', NULL, '', '', '', '2025-09-04 22:39:30', '2025-09-04 22:39:30'),
(626, 'VIDELA DOMINGUEZ AARON ALEXIS', 'SERVIU QUINTA REGION', 'PROH. DE ENAJENAR Y OTRAS', 127, 132, 2022, 'Prohibicion Propiedad', NULL, '', '', '', '2025-09-04 22:39:30', '2025-09-04 22:39:30'),
(627, 'VIDELA VILLARROEL CAMILA FERNANDA', 'SCOTIABANK CHILE', 'PROH. DE ENAJENAR Y OTRAS', 14, 17, 2022, 'Prohibicion Propiedad', NULL, '', '', '', '2025-09-04 22:39:30', '2025-09-04 22:39:30'),
(628, 'VIDELA VILLARROEL CAMILA FERNANDA', 'SERVIU QUINTA REGION', 'PROH. DE ENAJENAR Y OTRAS', 15, 18, 2022, 'Prohibicion Propiedad', NULL, '', '', '', '2025-09-04 22:39:30', '2025-09-04 22:39:30'),
(629, 'ZAMORA ABARCA CONSTANZA ANDREA', 'BANCO DEL ESTADO DE CHILE', 'PROH. DE ENAJENAR Y OTRAS', 269, 269, 2022, 'Prohibicion Propiedad', NULL, '', '', '', '2025-09-04 22:39:30', '2025-09-04 22:39:30'),
(630, 'ZAMORA ABARCA CONSTANZA ANDREA', 'SERVIU QUINTA REGION', 'PROH. DE ENAJENAR Y OTRAS', 270, 270, 2022, 'Prohibicion Propiedad', NULL, '', '', '', '2025-09-04 22:39:30', '2025-09-04 22:39:30'),
(631, 'ZAMORA ALVAREZ JULIO ALEJANDRO', 'BANCO DEL ESTADO DE CHILE', 'EMBARGO', 46, 50, 2022, 'Prohibicion Propiedad', NULL, '', '', '', '2025-09-04 22:39:30', '2025-09-04 22:39:30'),
(632, 'ZAMORA CONTRERAS CINTHIA', 'SCOTIABANK CHILE', 'EMBARGO', 88, 96, 2022, 'Prohibicion Propiedad', NULL, '', '', '', '2025-09-04 22:39:30', '2025-09-04 22:39:30'),
(633, 'ZAPATA OLMOS SARA DEL CARMEN', 'SERVIU QUINTA REGION', 'REINS. PROH. E INEMBARG.', 71, 76, 2022, 'Prohibicion Propiedad', NULL, '', '', '', '2025-09-04 22:39:30', '2025-09-04 22:39:30'),
(634, 'ZARATE ARCOS DANIELA FRANCISCA', 'SERVIU QUINTA REGION', 'PROH. DE ENAJENAR Y OTRAS', 279, 281, 2022, 'Prohibicion Propiedad', NULL, '', '', '', '2025-09-04 22:39:30', '2025-09-04 22:39:30'),
(635, 'ZARATE VELASQUEZ ANDREA XIMENA', 'SCOTIABANK CHILE', 'PROH. DE ENAJENAR Y OTRAS', 18, 21, 2022, 'Prohibicion Propiedad', NULL, '', '', '', '2025-09-04 22:39:30', '2025-09-04 22:39:30'),
(636, 'ZARATE VELASQUEZ ANDREA XIMENA', 'SERVIU QUINTA REGION', 'PROH. DE ENAJENAR Y OTRAS', 19, 22, 2022, 'Prohibicion Propiedad', NULL, '', '', '', '2025-09-04 22:39:30', '2025-09-04 22:39:30'),
(637, 'ZELAYA ZELAYA TOMAS JAVIER', 'BANCO DEL ESTADO DE CHILE', 'EMBARGO', 207, 213, 2022, 'Prohibicion Propiedad', NULL, '', '', '', '2025-09-04 22:39:30', '2025-09-04 22:39:30'),
(638, 'AGRICOLA E INMOBILIARIA MONTOLIN S.A.', '', 'HIPOTECA AGUAS', 6, 6, 2003, 'Hipoteca Aguas', NULL, '', '', '', '2025-09-04 22:40:08', '2025-09-04 22:40:08'),
(639, 'AGRICOLA E INMOBILIARIA MONTOLIN S.A.', '', 'HIPOTECA', 7, 7, 2003, 'Hipoteca Aguas', NULL, '', '', '', '2025-09-04 22:40:08', '2025-09-04 22:40:08'),
(640, 'AGRICOLA E INMOBILIARIA MONTOLIN S.A.', '', 'HIPOTECA AGUAS', 13, 12, 2003, 'Hipoteca Aguas', NULL, '', '', '', '2025-09-04 22:40:08', '2025-09-04 22:40:08'),
(641, 'GARCIA NUÑEZ XIMENA DE LOURDES', '', 'HIPOTECA', 1, 1, 2003, 'Hipoteca Aguas', NULL, '', '', '', '2025-09-04 22:40:08', '2025-09-04 22:40:08'),
(642, 'GARCIA NUÑEZ XIMENA DE LOURDES', '', 'HIPOTECA', 1, 2, 2003, 'Hipoteca Aguas', NULL, '', '', '', '2025-09-04 22:40:08', '2025-09-04 22:40:08'),
(643, 'HERRERA RIESCO BENJAMIN MANUEL', '', 'REINS. HIPOTECA', 2, 3, 2003, 'Hipoteca Aguas', NULL, '', '', '', '2025-09-04 22:40:08', '2025-09-04 22:40:08'),
(644, 'HERRERA RIESCO BENJAMIN MANUEL', '', 'HIPOTECA', 5, 5, 2003, 'Hipoteca Aguas', NULL, '', '', '', '2025-09-04 22:40:08', '2025-09-04 22:40:08'),
(645, 'HERRERA RIESCO BENJAMIN MANUEL Y OTRA', '', 'REINS. HIPOTECA', 3, 4, 2003, 'Hipoteca Aguas', NULL, '', '', '', '2025-09-04 22:40:08', '2025-09-04 22:40:08'),
(646, 'HIDALGO ORTIZ MANUEL ALIZANDRO', '', 'HIPOTECA AGUAS', 9, 9, 2003, 'Hipoteca Aguas', NULL, '', '', '', '2025-09-04 22:40:08', '2025-09-04 22:40:08'),
(647, 'HIDALGO ORTIZ MANUEL ALIZANDRO', '', 'HIPOTECA AGUAS', 10, 10, 2003, 'Hipoteca Aguas', NULL, '', '', '', '2025-09-04 22:40:08', '2025-09-04 22:40:08'),
(648, 'MARTINEZ GALVEZ JUAN ENRIQUE', '', 'REINS. HIPOTECA', 8, 8, 2003, 'Hipoteca Aguas', NULL, '', '', '', '2025-09-04 22:40:08', '2025-09-04 22:40:08'),
(649, 'SCHEFFELT CLARR ERNESTO EUGENIO', '', 'HIPOTECA', 14, 13, 2003, 'Hipoteca Aguas', NULL, '', '', '', '2025-09-04 22:40:08', '2025-09-04 22:40:08'),
(650, 'VARGAS LYNG ALFONSO GUILLERMO', '', 'REINS. HIPOTECA', 11, 11, 2003, 'Hipoteca Aguas', NULL, '', '', '', '2025-09-04 22:40:08', '2025-09-04 22:40:08'),
(651, 'VARGAS LYNG ALFONSO GUILLERMO', '', 'HIPOTECA', 15, 14, 2003, 'Hipoteca Aguas', NULL, '', '', '', '2025-09-04 22:40:08', '2025-09-04 22:40:08'),
(652, 'victor fuentes', 'edison espinoza\r\n', 'cv', 1, 1, 2015, 'propiedad', NULL, NULL, NULL, NULL, '2025-11-03 19:51:19', '2025-11-03 19:51:19'),
(653, 'juan fernandes', 'juan miranda \r\n', 'cv', 5, 15, 2020, 'propiedad', NULL, NULL, NULL, NULL, '2025-11-03 19:51:19', '2025-11-03 19:51:19'),
(654, 'victor fuentes', 'edison espinoza\r\n', 'arriendo', 3, 5, 2000, 'hipoteca', NULL, NULL, NULL, NULL, '2025-11-03 19:51:19', '2025-11-03 19:51:19'),
(655, 'victor fuentes', '\r\n', 'interdiccion', 2, 2, 2018, 'prohibicion', NULL, NULL, NULL, NULL, '2025-11-03 19:51:19', '2025-11-03 19:51:19'),
(656, 'fernando gomila', 'victor fuentes', 'cv', 154, 20142, 2030, 'propiedad', NULL, NULL, NULL, NULL, '2025-11-03 19:51:19', '2025-11-03 19:51:19');

-- --------------------------------------------------------

--
-- Table structure for table `personas`
--

CREATE TABLE `personas` (
  `id` int DEFAULT NULL
) ENGINE=InnoDB DEFAULT CHARSET=utf8mb4 COLLATE=utf8mb4_general_ci;

-- --------------------------------------------------------

--
-- Table structure for table `roles`
--

CREATE TABLE `roles` (
  `id` int NOT NULL,
  `nombre` varchar(50) CHARACTER SET utf8mb4 COLLATE utf8mb4_general_ci NOT NULL,
  `created_at` datetime NOT NULL DEFAULT (now()),
  `updated_at` datetime NOT NULL DEFAULT (now()) ON UPDATE CURRENT_TIMESTAMP
) ENGINE=InnoDB DEFAULT CHARSET=utf8mb4 COLLATE=utf8mb4_general_ci;

-- --------------------------------------------------------

--
-- Table structure for table `solicitudes`
--

CREATE TABLE `solicitudes` (
  `id` int NOT NULL,
  `nombre` varchar(50) NOT NULL,
  `rut` varchar(15) NOT NULL,
  `telefono` varchar(13) NOT NULL,
  `direccion` varchar(50) NOT NULL,
  `ciudad` varchar(50) NOT NULL,
  `email` varchar(50) NOT NULL,
  `nombre_boleta` varchar(50) DEFAULT NULL,
  `rut_boleta` varchar(50) DEFAULT NULL,
  `ciudad_boleta` varchar(50) DEFAULT NULL,
  `direccion_boleta` varchar(50) DEFAULT NULL,
  `tipo_envio` varchar(50) NOT NULL,
  `estado` varchar(50) NOT NULL,
  `created_at` datetime NOT NULL DEFAULT (now()),
  `updated_at` datetime NOT NULL DEFAULT (now()) ON UPDATE CURRENT_TIMESTAMP
) ENGINE=InnoDB DEFAULT CHARSET=utf8mb4 COLLATE=utf8mb4_general_ci;

--
-- Dumping data for table `solicitudes`
--

INSERT INTO `solicitudes` (`id`, `nombre`, `rut`, `telefono`, `direccion`, `ciudad`, `email`, `nombre_boleta`, `rut_boleta`, `ciudad_boleta`, `direccion_boleta`, `tipo_envio`, `estado`, `created_at`, `updated_at`) VALUES
(1, 'edison', '18679827-9', '5698574123', 'mi casa', 'rancagua', 'el mio', 'prueba1', 'prueba2', 'prueba3', 'prueba4', 'electronico', '', '2025-10-12 18:28:59', '2025-10-12 18:28:59'),
(2, 'prueba', '18.679.827-9', '1475632', 'bjddsfd', 'PRUEBA', 'edison.espinoza.12@sansano.usm.cl', '', '', '', '', 'retiro en sucursal', '', '2025-10-12 21:43:15', '2025-10-12 21:43:15'),
(3, 'prueba', '18.679.827-9', '1475632', 'bjddsfd', 'PRUEBA', 'edison.espinoza.12@sansano.usm.cl', '', '', '', '', 'retiro en sucursal', '', '2025-10-12 21:43:15', '2025-10-12 21:43:15'),
(4, 'prueba', '18.679.827-9', '1475632', 'bjddsfd', 'PRUEBA', 'edison.espinoza.12@sansano.usm.cl', '', '', '', '', 'retiro en sucursal', '', '2025-10-12 21:43:15', '2025-10-12 21:43:15'),
(5, 'prueba', '18.679.827-9', '1475632', 'bjddsfd', 'PRUEBA', 'edison.espinoza.12@sansano.usm.cl', 'edison', '18.679.827-9', 'ewrewrew', 'bjddsfd', 'chile express', '', '2025-10-12 21:44:48', '2025-10-12 21:44:48'),
(6, 'prueba', '18.679.827-9', '1475632', 'bjddsfd', 'PRUEBA', 'edison.espinoza.12@sansano.usm.cl', 'edison', '18.679.827-9', 'ewrewrew', 'bjddsfd', 'chile express', '', '2025-10-12 21:44:48', '2025-10-12 21:44:48'),
(7, 'prueba', '18.679.827-9', '1475632', 'bjddsfd', 'PRUEBA', 'edison.espinoza.12@sansano.usm.cl', 'edison', '18.679.827-9', 'ewrewrew', 'bjddsfd', 'chile express', '', '2025-10-12 21:44:48', '2025-10-12 21:44:48'),
(8, 'prueba', '18.679.827-9', '1475632', 'bjddsfd', 'PRUEBA', 'edison.espinoza.12@sansano.usm.cl', 'edison', '18.679.827-9', 'ewrewrew', 'bjddsfd', 'chile express', '', '2025-10-12 21:46:00', '2025-10-12 21:46:00'),
(9, '', '', '', '', '', '', '', '', '', '', '', '', '2025-10-12 21:57:08', '2025-10-12 21:57:08'),
(10, 'prueba', '18.679.827-9', '1475632', 'bjddsfd', 'PRUEBA', 'edison.espinoza.12@sansano.usm.cl', 'edison', '18.679.827-9', 'ewrewrew', 'bjddsfd', 'envio whatsapps', '', '2025-10-12 21:57:55', '2025-10-12 21:57:55'),
(11, 'prueba', '18.679.827-9', '1475632', 'bjddsfd', 'PRUEBA', 'edison.espinoza.12@sansano.usm.cl', 'edison', '18.679.827-9', 'ewrewrew', 'bjddsfd', 'chile express', '', '2025-10-12 21:59:41', '2025-10-12 21:59:41'),
(12, 'prueba', '18.679.827-9', '1475632', 'bjddsfd', 'PRUEBA', 'edison.espinoza.12@sansano.usm.cl', 'edison', '18.679.827-9', 'ewrewrew', 'bjddsfd', 'chile express', '', '2025-10-12 22:00:22', '2025-10-12 22:00:22'),
(13, 'prueba', '18.679.827-9', '1475632', 'bjddsfd', 'PRUEBA', 'edison.espinoza.12@sansano.usm.cl', 'edison', '18.679.827-9', 'ewrewrew', 'bjddsfd', 'chile express', '', '2025-10-12 22:01:38', '2025-10-12 22:01:38'),
(14, 'prueba', '18.679.827-9', '1475632', 'bjddsfd', 'PRUEBA', 'edison.espinoza.12@sansano.usm.cl', 'edison', '18.679.827-9', 'ewrewrew', 'bjddsfd', 'chile express', '', '2025-10-12 22:02:22', '2025-10-12 22:02:22'),
(15, 'prueba', '18.679.827-9', '1475632', 'bjddsfd', 'PRUEBA', 'edison.espinoza.12@sansano.usm.cl', 'edison', '18.679.827-9', 'ewrewrew', 'bjddsfd', 'chile express', '', '2025-10-12 22:11:55', '2025-10-12 22:11:55'),
(16, 'prueba', '18.679.827-9', '1475632', 'bjddsfd', 'PRUEBA', 'edison.espinoza.12@sansano.usm.cl', 'edison', '18.679.827-9', 'ewrewrew', 'bjddsfd', 'chile express', '', '2025-10-12 22:13:32', '2025-10-12 22:13:32'),
(17, 'prueba', '18.679.827-9', '1475632', 'asdasffdsgewwr', 'ewrewrwe', 'edison.espinoza.12@sansano.usm.cl', 'edison', '18.679.827-9', 'ewrewrew', 'bjddsfd', 'envio whatsapps', '', '2025-10-12 22:17:31', '2025-10-12 22:17:31'),
(18, 'prueba', '18.679.827-9', '1475632', 'asdasffdsgewwr', 'ewrewrwe', 'edison.espinoza.12@sansano.usm.cl', 'edison', '18.679.827-9', 'ewrewrew', 'bjddsfd', 'envio whatsapps', '', '2025-10-12 22:18:59', '2025-10-12 22:18:59'),
(19, 'prueba', '18.679.827-9', '1475632', 'asdasffdsgewwr', 'ewrewrwe', 'edison.espinoza.12@sansano.usm.cl', 'edison', '18.679.827-9', 'ewrewrew', 'bjddsfd', 'chile express', '', '2025-10-12 22:36:36', '2025-10-12 22:36:36'),
(20, 'prueba', '18.679.827-9', '1475632', 'asdasffdsgewwr', 'ewrewrwe', 'edison.espinoza.12@sansano.usm.cl', 'edison', '18.679.827-9', 'ewrewrew', 'bjddsfd', 'chile express', '', '2025-10-12 22:39:38', '2025-10-12 22:39:38'),
(21, 'dfds', '186798279', '645465', 'ewrewr', 'dsfdsfds', 'perrietelperro@gmail.com', 'wrewrer', '186798279', 'sdfdsfds', 'dsfdsf', 'envio electronico', '', '2025-10-23 08:39:10', '2025-10-23 08:39:10'),
(22, 'dfds', '186798279', '645465', 'ewrewr', 'dsfdsfds', 'perrietelperro@gmail.com', 'wrewrer', '186798279', 'sdfdsfds', 'dsfdsf', 'envio electronico', '', '2025-10-23 08:45:40', '2025-10-23 08:45:40'),
(23, 'dfds', '12354', '46445', 'ewrewr', 'dsfdsfds', 'perrietelperro@gmail.com', 'wrewrer', '235465', 'sdfdsfds', 'asdasd', 'chile express', 'ingreso', '2025-10-23 08:56:09', '2025-10-23 08:56:09');

-- --------------------------------------------------------

--
-- Table structure for table `solicitudes_detalles`
--

CREATE TABLE `solicitudes_detalles` (
  `id` int NOT NULL,
  `libro` varchar(50) DEFAULT NULL,
  `tomo` varchar(50) DEFAULT NULL,
  `bimestre` varchar(50) DEFAULT NULL,
  `foja` varchar(50) DEFAULT NULL,
  `numero` int DEFAULT NULL,
  `anio` int DEFAULT NULL,
  `certificado` varchar(100) CHARACTER SET utf8mb4 COLLATE utf8mb4_general_ci DEFAULT NULL,
  `observacion` varchar(50) DEFAULT NULL,
  `solicitud` int NOT NULL,
  `valor` int NOT NULL DEFAULT (0),
  `created_at` datetime NOT NULL DEFAULT (now()),
  `updated_at` datetime NOT NULL DEFAULT (now()) ON UPDATE CURRENT_TIMESTAMP
) ENGINE=InnoDB DEFAULT CHARSET=utf8mb4 COLLATE=utf8mb4_general_ci;

--
-- Dumping data for table `solicitudes_detalles`
--

INSERT INTO `solicitudes_detalles` (`id`, `libro`, `tomo`, `bimestre`, `foja`, `numero`, `anio`, `certificado`, `observacion`, `solicitud`, `valor`, `created_at`, `updated_at`) VALUES
(1, 'propiedad', '1', '1', '2', 1, 2000, 'certificado de vigencia', 'prueba', 1, 0, '2025-10-12 18:29:50', '2025-10-12 18:29:50'),
(2, 'propiedad', '', '', '4', 5, 2015, 'copia autorizada', 'prueba', 1, 0, '2025-10-12 18:29:50', '2025-10-12 18:45:20'),
(3, 'Propiedad', NULL, NULL, '2', 3, 2015, 'Copia autorizada', 'asdasda', 10, 0, '2025-10-12 21:57:55', '2025-10-12 21:57:55'),
(4, 'Propiedad', NULL, NULL, '2', 3, 2015, 'Copia con vigencia', 'asdasda', 10, 0, '2025-10-12 21:57:55', '2025-10-12 21:57:55'),
(5, 'Propiedad', NULL, NULL, '2', 3, 2015, 'Certificado de hipotecas y gravámenes (GP) a 30', 'asdasda', 10, 0, '2025-10-12 21:57:55', '2025-10-12 21:57:55'),
(6, 'Propiedad', NULL, NULL, '2', 3, 2015, 'Copia autorizada', '', 11, 0, '2025-10-12 21:59:41', '2025-10-12 21:59:41'),
(7, 'Propiedad', NULL, NULL, '2', 3, 2015, 'Certificado de hipotecas y gravámenes (GP) a 20', '', 11, 0, '2025-10-12 21:59:41', '2025-10-12 21:59:41'),
(8, 'Propiedad', NULL, NULL, '2', 3, 2015, 'Copia autorizada', '', 12, 0, '2025-10-12 22:00:22', '2025-10-12 22:00:22'),
(9, 'Propiedad', NULL, NULL, '2', 3, 2015, 'Certificado de hipotecas y gravámenes (GP) a 20', '', 12, 0, '2025-10-12 22:00:22', '2025-10-12 22:00:22'),
(10, 'Propiedad', NULL, NULL, '2', 3, 2015, 'Copia autorizada', '', 13, 0, '2025-10-12 22:01:38', '2025-10-12 22:01:38'),
(11, 'Propiedad', NULL, NULL, '2', 3, 2015, 'Certificado de hipotecas y gravámenes (GP) a 20', '', 13, 0, '2025-10-12 22:01:38', '2025-10-12 22:01:38'),
(12, 'Propiedad', NULL, NULL, '2', 3, 2015, 'Certificado de hipotecas y gravámenes (GP) a 10 años', '', 13, 0, '2025-10-12 22:01:38', '2025-10-12 22:01:38'),
(13, 'Propiedad', NULL, NULL, '2', 3, 2015, 'Copia autorizada', '', 13, 0, '2025-10-12 22:01:38', '2025-10-12 22:01:38'),
(14, 'Propiedad', NULL, NULL, '2', 3, 2015, 'Copia con vigencia', '', 13, 0, '2025-10-12 22:01:38', '2025-10-12 22:01:38'),
(15, 'Propiedad', NULL, NULL, '2', 3, 2015, 'Certificado de hipotecas y gravámenes (GP) a 30', '', 13, 0, '2025-10-12 22:01:38', '2025-10-12 22:01:38'),
(16, 'Propiedad', NULL, NULL, '2', 3, 2015, 'Copia autorizada', 'asdasd', 14, 0, '2025-10-12 22:02:22', '2025-10-12 22:02:22'),
(17, 'Propiedad', NULL, NULL, '2', 3, 2015, 'Copia con vigencia', 'asdasd', 14, 0, '2025-10-12 22:02:22', '2025-10-12 22:02:22'),
(18, 'Propiedad', NULL, NULL, '2', 3, 2015, 'Copia autorizada', 'sadas', 15, 0, '2025-10-12 22:11:55', '2025-10-12 22:11:55'),
(19, 'Propiedad', NULL, NULL, '2', 3, 2015, 'Copia con vigencia', 'sadas', 15, 0, '2025-10-12 22:11:55', '2025-10-12 22:11:55'),
(20, 'Propiedad', NULL, NULL, '2', 3, 2015, 'Copia autorizada', 'dsvdsds', 16, 0, '2025-10-12 22:13:32', '2025-10-12 22:13:32'),
(21, 'Propiedad', NULL, NULL, '2', 3, 2015, 'Copia con vigencia', 'dsvdsds', 16, 0, '2025-10-12 22:13:32', '2025-10-12 22:13:32'),
(22, 'Propiedad', NULL, NULL, '2', 3, 2015, 'Certificado de hipotecas y gravámenes (GP) a 20', 'fsdfdsfdsfsfsdfdfds', 17, 0, '2025-10-12 22:17:31', '2025-10-12 22:17:31'),
(23, 'Propiedad', NULL, NULL, '2', 3, 2015, 'Certificado de hipotecas y gravámenes (GP) a 10 años', 'fsdfdsfdsfsfsdfdfds', 17, 0, '2025-10-12 22:17:31', '2025-10-12 22:17:31'),
(24, 'Propiedad', NULL, NULL, '2', 3, 2015, 'Certificado de Prenda Agraria', 'fsdfdsfdsfsfsdfdfds', 17, 0, '2025-10-12 22:17:31', '2025-10-12 22:17:31'),
(25, 'Propiedad', NULL, NULL, '2', 3, 2015, 'Carpeta Inmobiliaria', 'fsdfdsfdsfsfsdfdfds', 17, 0, '2025-10-12 22:17:31', '2025-10-12 22:17:31'),
(26, 'Propiedad', NULL, NULL, '2', 3, 2015, 'Certificado de Vigencia de Sociedad (Incluye Copia Autorizada)', 'fsdfdsfdsfsfsdfdfds', 17, 0, '2025-10-12 22:17:31', '2025-10-12 22:17:31'),
(27, 'Propiedad', NULL, NULL, '2', 3, 2015, 'Copia autorizada', 'fdfdsfds', 18, 0, '2025-10-12 22:18:59', '2025-10-12 22:18:59'),
(28, 'Propiedad', NULL, NULL, '2', 3, 2015, 'Copia con vigencia', 'fdfdsfds', 18, 0, '2025-10-12 22:18:59', '2025-10-12 22:18:59'),
(29, 'Propiedad', NULL, NULL, '2', 3, 2015, 'Certificado de hipotecas y gravámenes (GP) a 30', 'fdfdsfds', 18, 0, '2025-10-12 22:18:59', '2025-10-12 22:18:59'),
(30, 'Propiedad', NULL, NULL, '2', 3, 2015, 'Certificado de hipotecas y gravámenes (GP) a 20', 'fdfdsfds', 18, 0, '2025-10-12 22:18:59', '2025-10-12 22:18:59'),
(31, 'Propiedad', NULL, NULL, '12', 32, 2014, 'Copia autorizada', 'asdasd', 21, 0, '2025-10-23 08:39:10', '2025-10-23 08:39:10'),
(32, 'Propiedad', NULL, NULL, '12', 32, 2014, 'Copia con vigencia', 'asdasd', 21, 0, '2025-10-23 08:39:10', '2025-10-23 08:39:10'),
(33, 'Propiedad', NULL, NULL, '12', 32, 2014, 'Copia autorizada', 'asdasd', 23, 0, '2025-10-23 08:56:09', '2025-10-23 08:56:09'),
(34, 'Propiedad', NULL, NULL, '12', 32, 2014, 'Copia con vigencia', 'asdasd', 23, 0, '2025-10-23 08:56:09', '2025-10-23 08:56:09'),
(35, 'Propiedad', NULL, NULL, '12', 32, 2014, 'Certificado de hipotecas y gravámenes (GP) a 30', 'asdasd', 23, 0, '2025-10-23 08:56:09', '2025-10-23 08:56:09');

-- --------------------------------------------------------

--
-- Table structure for table `solicitud_11_25`
--

CREATE TABLE `solicitud_11_25` (
  `id` int NOT NULL,
  `id_certificado` int NOT NULL,
  `data` blob,
  `created_at` datetime NOT NULL DEFAULT (now()),
  `updated_at` datetime NOT NULL DEFAULT (now()) ON UPDATE CURRENT_TIMESTAMP
) ENGINE=InnoDB DEFAULT CHARSET=utf8mb4 COLLATE=utf8mb4_general_ci;

-- --------------------------------------------------------

--
-- Table structure for table `tipos`
--

CREATE TABLE `tipos` (
  `id` int DEFAULT NULL
) ENGINE=InnoDB DEFAULT CHARSET=utf8mb4 COLLATE=utf8mb4_general_ci;

-- --------------------------------------------------------

--
-- Table structure for table `usuarios`
--

CREATE TABLE `usuarios` (
  `id` int NOT NULL,
  `nombre` varchar(50) CHARACTER SET utf8mb3 COLLATE utf8mb3_general_ci NOT NULL,
  `usuario` varchar(50) CHARACTER SET utf8mb3 COLLATE utf8mb3_general_ci DEFAULT NULL,
  `password` varchar(255) CHARACTER SET utf8mb3 COLLATE utf8mb3_general_ci NOT NULL,
  `rol_id` int DEFAULT NULL,
  `email` varchar(50) CHARACTER SET utf8mb3 COLLATE utf8mb3_general_ci NOT NULL,
  `estado` varchar(50) NOT NULL,
  `created_at` datetime NOT NULL DEFAULT (now()),
  `updated_at` datetime NOT NULL DEFAULT (now()) ON UPDATE CURRENT_TIMESTAMP
) ENGINE=InnoDB DEFAULT CHARSET=utf8mb4 COLLATE=utf8mb4_general_ci;

--
-- Dumping data for table `usuarios`
--

INSERT INTO `usuarios` (`id`, `nombre`, `usuario`, `password`, `rol_id`, `email`, `estado`, `created_at`, `updated_at`) VALUES
(1, 'edison', 'edison', '$2y$10$ZaT8rG40oNQ8ZbNyYo6GyeumVCLSWGNE5YRkSN8H96pojzP9HyJNm', 1, 'edison@gmail.com', '', '2025-10-12 18:03:10', '2025-10-12 18:03:10'),
(2, 'edison', 'edison', '$2y$10$PRB2pKvTMUIvA04BUXBin.q23BAmQ9OVWmipLCh5OS6fcYVpmA9nK', 1, 'edissson@gmail.com', '', '2025-10-12 20:20:04', '2025-10-12 20:20:04'),
(5, 'edison', 'edison', '$2y$10$Bs3bbRIX.LAzChY1HBwPpedjV8nu3ao5TX.xoswziel2TPBozqTGG', 1, 'edisssasadson@gmail.com', '', '2025-10-12 20:20:50', '2025-10-12 20:20:50');

-- --------------------------------------------------------

--
-- Table structure for table `valores_cert`
--

CREATE TABLE `valores_cert` (
  `id` int NOT NULL,
  `nombre` varchar(50) NOT NULL,
  `valor` int NOT NULL,
  `descripcion` varchar(50) DEFAULT NULL,
  `created_at` datetime NOT NULL DEFAULT (now()),
  `updated_at` datetime NOT NULL DEFAULT (now()) ON UPDATE CURRENT_TIMESTAMP
) ENGINE=InnoDB DEFAULT CHARSET=utf8mb4 COLLATE=utf8mb4_general_ci;

--
-- Indexes for dumped tables
--

--
-- Indexes for table `apendices`
--
ALTER TABLE `apendices`
  ADD PRIMARY KEY (`id`);

--
-- Indexes for table `certificados`
--
ALTER TABLE `certificados`
  ADD PRIMARY KEY (`id_certificado`);

--
-- Indexes for table `copiasregistros`
--
ALTER TABLE `copiasregistros`
  ADD PRIMARY KEY (`id_copia`);

--
-- Indexes for table `fojas`
--
ALTER TABLE `fojas`
  ADD PRIMARY KEY (`id`);

--
-- Indexes for table `indices`
--
ALTER TABLE `indices`
  ADD PRIMARY KEY (`id`),
  ADD KEY `idx_libro_comprador` (`libro`,`comprador`(100)),
  ADD KEY `idx_libro_vendedor` (`libro`,`vendedor`(100)),
  ADD KEY `idx_inscripcion` (`libro`,`foja`,`numero`,`anio`),
  ADD KEY `idx_anio_numero` (`anio`,`numero`);

--
-- Indexes for table `roles`
--
ALTER TABLE `roles`
  ADD PRIMARY KEY (`id`);

--
-- Indexes for table `solicitudes`
--
ALTER TABLE `solicitudes`
  ADD PRIMARY KEY (`id`);

--
-- Indexes for table `solicitudes_detalles`
--
ALTER TABLE `solicitudes_detalles`
  ADD PRIMARY KEY (`id`),
  ADD KEY `solicitud` (`solicitud`);

--
-- Indexes for table `solicitud_11_25`
--
ALTER TABLE `solicitud_11_25`
  ADD PRIMARY KEY (`id`),
  ADD KEY `id_certificado` (`id_certificado`);

--
-- Indexes for table `usuarios`
--
ALTER TABLE `usuarios`
  ADD PRIMARY KEY (`id`),
  ADD UNIQUE KEY `email` (`email`),
  ADD KEY `rol_id` (`rol_id`);

--
-- Indexes for table `valores_cert`
--
ALTER TABLE `valores_cert`
  ADD PRIMARY KEY (`id`);

--
-- AUTO_INCREMENT for dumped tables
--

--
-- AUTO_INCREMENT for table `apendices`
--
ALTER TABLE `apendices`
  MODIFY `id` int NOT NULL AUTO_INCREMENT;

--
-- AUTO_INCREMENT for table `certificados`
--
ALTER TABLE `certificados`
  MODIFY `id_certificado` int NOT NULL AUTO_INCREMENT;

--
-- AUTO_INCREMENT for table `copiasregistros`
--
ALTER TABLE `copiasregistros`
  MODIFY `id_copia` int NOT NULL AUTO_INCREMENT;

--
-- AUTO_INCREMENT for table `fojas`
--
ALTER TABLE `fojas`
  MODIFY `id` int NOT NULL AUTO_INCREMENT;

--
-- AUTO_INCREMENT for table `indices`
--
ALTER TABLE `indices`
  MODIFY `id` int NOT NULL AUTO_INCREMENT, AUTO_INCREMENT=657;

--
-- AUTO_INCREMENT for table `roles`
--
ALTER TABLE `roles`
  MODIFY `id` int NOT NULL AUTO_INCREMENT;

--
-- AUTO_INCREMENT for table `solicitudes`
--
ALTER TABLE `solicitudes`
  MODIFY `id` int NOT NULL AUTO_INCREMENT, AUTO_INCREMENT=24;

--
-- AUTO_INCREMENT for table `solicitudes_detalles`
--
ALTER TABLE `solicitudes_detalles`
  MODIFY `id` int NOT NULL AUTO_INCREMENT, AUTO_INCREMENT=36;

--
-- AUTO_INCREMENT for table `solicitud_11_25`
--
ALTER TABLE `solicitud_11_25`
  MODIFY `id` int NOT NULL AUTO_INCREMENT;

--
-- AUTO_INCREMENT for table `usuarios`
--
ALTER TABLE `usuarios`
  MODIFY `id` int NOT NULL AUTO_INCREMENT, AUTO_INCREMENT=6;

--
-- AUTO_INCREMENT for table `valores_cert`
--
ALTER TABLE `valores_cert`
  MODIFY `id` int NOT NULL AUTO_INCREMENT;

--
-- Constraints for dumped tables
--

--
-- Constraints for table `solicitudes_detalles`
--
ALTER TABLE `solicitudes_detalles`
  ADD CONSTRAINT `FK_solicitudes_detalles_solicitudes` FOREIGN KEY (`solicitud`) REFERENCES `solicitudes` (`id`);

--
-- Constraints for table `solicitud_11_25`
--
ALTER TABLE `solicitud_11_25`
  ADD CONSTRAINT `FK_solicitud_11_25_solicitudes` FOREIGN KEY (`id_certificado`) REFERENCES `solicitudes` (`id`);
COMMIT;

/*!40101 SET CHARACTER_SET_CLIENT=@OLD_CHARACTER_SET_CLIENT */;
/*!40101 SET CHARACTER_SET_RESULTS=@OLD_CHARACTER_SET_RESULTS */;
/*!40101 SET COLLATION_CONNECTION=@OLD_COLLATION_CONNECTION */;
